Personal Hate	এদের কারনে এলিয়েনরা পৃথিবীতে বেড়াতে আসে না।
Personal Hate	এই গান গুলা হুইন্না আমি এখন আমি পাবনা তে আসি
Personal Hate	ভাই, ছোট আজাদ, চুদনাপানা না করলেই কি না? 
Personal Hate	সব মাদার চোদ। সালারা তোদের কাছ থেকে কি শিখব 
Personal Hate	বাইরে থাক আর গুঁতাগুঁতি কর।
Personal Hate	ইংলিশ এ মিয়া খলিফা গাঁজা টানে আর বাঙালিরারা টানলেই দোষ ধইরা ফেল্লা
Personal Hate	আসোলে তুমি নিজেই বলসিলা বাংগালি না আমরা। জাতটাই ত খারাপ
Personal Hate	আর আমাদের এই খাইস্টা জাতের মধ্যে তুমিও পড় সো রক্ত ত মিশশা আসেই জিনিস টা
Personal Hate	শালা তুই সালমান রিদিয়া আসিফ,সব পাকনা,পাকনা পুলাপাইন।
Personal Hate	এসব আবাল গুলা আমাদের সুন্দর বিনোদন থেকে দূরে রাখে। 
Personal Hate	মোবাইলের দাম কমানো টা ঠিক হয়নাই এই কারনে গরু ছাগলরা মোবাইল কিনে এমন ভাবে বাংলা লেখে 
Personal Hate	ভিডিও বানানোর আর কোনো কিছু পাও না বুঝি, তাই এখন আসছো হুদাই ফাইজলামি করতে
Personal Hate	আমাদের দেয়ের ইউটিউবার গুলো কি পাগোল না ছাগল। এগুলোর তো পাবনাতেও জায়গা হবে না
Personal Hate	তুই কোন ভালো মানুষের বাচ্চা যে তুই অন্যের কাজ নিয়া সমালোচনা করিস।
Personal Hate	আবাসিক হোটেল নামক যেই নাটক টা করতেসিস, সেইটা দেখে মনে হয় তোদের জন্ম ওপেন রাস্তা ঘাটে হইছে। যার জন্য এমন নোংরামী করতে তোদের বিবেকে বাদে না। 
Personal Hate	আগে নিজে লুচ্চামি ছাড়, ভালো হ।মানুষের জন্য ভালো কিছু কর,তারপর অন্যদের উপদেশ দিস অথবা অন্যের কাজের সমালোচনা করিস।
Personal Hate	অসভ্য,লম্পট, নোংরা কোথাকার।
Personal Hate	দেখ চুদির ভাই শিরোনাম দিছে কি! এমনিই কি রোস্ট হয় সালারা। 
Personal Hate	এখন আমার হাগা হাইগা দিবি নইলে তুই ঠাডা পইরা মরবি
Personal Hate	মেধাহীন আবাল আর দেখতে চাই না। 
Personal Hate	তোমাগো মতো পোলা পানের জন্য আজ কে দেশের ইউটিউব এর এই অবস্থা
Personal Hate	শামীম হাসান সরকার আমি মনে করি না আপনার আছে দরকার।
Personal Hate	সব গুলো আজাইরা ভিডিও এক সাথে করে নিজে ফায়দা লুটে নিলেন।
Personal Hate	এর থেকে মাহফুজুর রহমান ও ভালো
Personal Hate	৩ নাম্বার মাল টার পাজামার ফিতা বের হয়ে আছে
Personal Hate	হেডার ঘরে হেডার মাইয়া বালের মাইয়া
Personal Hate	ওদের হোগায় বরিশাল এর আ ছোলা বাশ দেয়া হোক
Personal Hate	ভাই তোমারে তো চুরের মত লাগে.
Personal Hate	শালা আজাইরা ভিডিও বানাও কেন 
Personal Hate	সিয়াম একটা পাডার পো পাডা,
Personal Hate	ইসব রেপাররা গঞ্জিকা শেবন করে গান গাই তাই এই অবস্থা।
Personal Hate	এসব শিল্পীদেরকে বিশেষ পুরসকার দেওয়া দরকার
Personal Hate	মাদারচোদ আর মাগির দল 
Personal Hate	এখনকার পোলাপান রে কিছু কইলে যে কয় তারেই পাগল ভেবে নিজেকে বুদ্ধিমান ভাবতে থাকে। 
Personal Hate	আজাইরা আলাপ কম কইরা পারলে ভালা কিছু নিয়া কথা কইয়া দেখাইও ফাউল মিয়া
Personal Hate	এগুলা পাগলাগারদ এর বাইরে আসলো কিভাবে
Personal Hate	তুমি আবাল ছিলা আবাল আছো আর আবালই থাকবা
Personal Hate	দেশের মানুষ এই সব খবিশ দের সহ্য করে কিভাবে বুঝিনা ।
Personal Hate	কোন গ্রহের মানুল এরা ?
Personal Hate	ভাই এগুলারে পাবনার মানসিক হাসপাতালে ভর্তি করানো উচিত। 
Personal Hate	শালীর কথা শুনলে গা জলে তাকে দেখে মনে হয় সে মাগি
Personal Hate	আড়া চোদা রেপার গোরে পুটকি মারতে মন চায়
Personal Hate	সিফাত উল্লাহ এগুলো দেখাই ২য় বার হার্টফেল করবে
Personal Hate	রাপ্পিযং এর জগতে আপনার সালমান মোক্তাদির, সম্রাট ভাই এর চুলের কাছেও নাই
Personal Hate	আবালদের রেপ শুনে কান পছে গেছে
Personal Hate	মিয়া ইউটিউব এ সাবস্ক্রাইব পাও না তাই ওদের মতো মানুষ কে ব্যবহার কইরা সাবস্ক্রাইব নাও তোমরা
Personal Hate	টুকাই সালা এহন কোরিয়ান হেয়ার স্টাইল করতেসে
Personal Hate	সৌভিকের যে বন্ধু এখানে রিপ্লাই দিয়ে গালাগাল দিবে,তার মায়ের ভোদার ভিত্রে ধোন হান্দাইয়া কাম রস বাইর করমু
Personal Hate	তুই মরবি, হাসপাতাল নিয়ে যাবার জন্য সবাই কে ডাকবি কিন্তু কাউকে পাবি না, সবাই ভাববে প্রাংক। 
Personal Hate	কি যে আউল ফাউল ইংলিশ বলিস তোরা।বাংলাটাই আগে ঠিক মতো বলা শিখ হারামজাদা
Personal Hate	ভাই বাংলাদেশের যে এত্ত শিল্পীর উদয় হইছে আজ জানলাম।
Personal Hate	আরে মিয়া ভাই মুখটা অন্তত সাবান বা ফেস ওয়াশ দিয়ে ধুয়ে আস।
Personal Hate	দেরকে এ্যাওয়ার্ড হিসেবে পুরাতন বদনা দেওয়া হক। 
Personal Hate	এই বাইনচোদ টা কেমনে ক্যামেরার সামনে আসে,গরু পিটানো লাঠির মাইর খাইয়া হয় নাই!!? 
Personal Hate	জেফারের মাথা কামাই দিতে ইচ্ছা করে 
Personal Hate	আজাইরা যেটা পারো না সেটা চেস্টা করো কেন হুদাই
Personal Hate	আমার হেডার তামাশা কল
Personal Hate	বালডা বাংলায় কইলে কি হেতির বাল ছোট হইয়া যাইত!
Personal Hate	এই কুত্তাডারে এই চ্যানেল এ কে আনছে???
Personal Hate	আর কি বালের তামাশা কল এই গুলা। 
Personal Hate	তর কালো পাছার দাগ কি গেছে
Personal Hate	বাল গুনে ছেড়ে দিলেও ম্যাগাজিন অনুষ্ঠান। 
Personal Hate	তৌহিদ,সালমান,এই বর্তমানে যেটার ভিডিও দেখছি এই ফকিন্নির নাম জানি না,এনিওয়ে সবগুলার চ্যানেল আনসাবস্ক্রাইব করতেছি।
Personal Hate	সব বলদের বলদা মার্কা প্রশ্ন।
Personal Hate	শালা বাঞ্চত বালের ভিডিও বানাস।
Personal Hate	জংলি মুরগির বাচ্চারে একটু দেখি
Personal Hate	আর মানুষ পাইলি না জাফর বালডা রে কল দিছোস 
Personal Hate	শালা রাজাকারের বাচ্চা আর মাগি
Personal Hate	বাশডলা খেয়ে বলে আমি কি করছি, আমি কি করছি।,আবুইল্লা হালা 
Personal Hate	কুত্তার গু মার্কা প্র্যাঙ্ক কল এর ভিডিও করে
Personal Hate	যেমনে খারাপ কথা কস...ঘর থেকে বের করে দিবে..
Personal Hate	স্পর্শিয়া সে কি মহিলা নাকি অন্যকিছু আমার এনাফ ডাউট আছে।
Personal Hate	তোমার বাল আমার বাল।আর কিছু কমু না।আবাল শালা
Personal Hate	আবালের ইংলিশ শালা
Personal Hate	শামিম ভাই আপনি একজন চরম চাপাবাজ
Personal Hate	তোরে এক্কেবারে চোরের মতো লাগতেছে
Personal Hate	গরুর হাটের ধোলাই ও মাফ চাওয়াটা কেমন ছিলো!!! আবাল? 
Personal Hate	কিরে শালার বাচ্চা বাশের বারির বেথা কি কমে গেছে যে আবার আবলামু করতে আসছিস
Personal Hate	শেষের টা খানকীর পোলা
Personal Hate	ভুদার ভিতর ধোন 
Personal Hate	বাঁশ বাগানের মালিক কি চেটের বাল
Personal Hate	খবিস মাইয়া মাথায় 10 তালা বিল্ডিং নিয়া গুরে.
Personal Hate	বিচারক মহিলাটা তো দেখতে ইদুরের মত আবার অন্য মেয়েদের কাপড় নিয়ে কথা বলে।
Personal Hate	বোকাচোদা মাগীর মাগী চোট্টা আজাদ,
Personal Hate	এত বাজে অভিনয় আর বাজে বিষয় নিয়ে কেন যে বঙ্গবিডি কাজ করতে দেয়
Personal Hate	হাহাহ... সব আবাল বাংলাদেশ এ
Personal Hate	কোরবানির হাটে বারি খেয়ে। বালের কনটেন্ট বানায়। হিজরায় 
Personal Hate	কিরে তুই কি পাবলিকের কমেন্ট পড়স না,তোরে তো কেউ দেখতেই পারে না,
Personal Hate	তুই ইউটিউব থেকে বিদায় নেস না কেন.. 
Personal Hate	এই ছাগল টাকে দেখলেই থাবড়াইতে মন চায়। 
Personal Hate	সনিকা মাগী বাঙালি নামের কলঙ্ক 
Personal Hate	আচ্ছা ভাই তোমাকে কি ছিলা বাঁশ দিয়ে পিটাই ছিলো নাকি আছিলা আইমিন আইক্কাওআলা বাঁশ দিয়া পিটাইছিলো? 
Personal Hate	শরম নাই শালা লুইচ্চাগো 
Personal Hate	শালা নুচ্ছামির আর জায়গা পাস না। 
Personal Hate	আমি কী করছি আমারে মারেন কেন??
Personal Hate	ফালতু মাইয়া কি গায়ে দিছে 
Personal Hate	স্পরশিয়ার কি পিরিয়ড চলছে নাকি? পায়ের উপ্রে লেগ তুলে বসে আছে এভাবে
Personal Hate	মাদারচোদ বাঙ্গালি কালচার নষ্ট করছে,
Personal Hate	পারে না কথা বলতে এর আবার উপস্থাপনা করে।
Personal Hate	সৌভিক ভাই আপনার হেয়ার স্টাইল টা কি আপনার গার্লফ্রেন্ড এর থেকে কপি করলেন নাকি 
Personal Hate	Bong আর কত দিন এই বাইনচোদ দের নিয়ে চালাবে
Personal Hate	মাইরটা তোর খাওয়া উচিৎ
Personal Hate	সৌভিক তোর কালো পাছার দাগ টা কি গেছে??
Personal Hate	বাংলাদেশ টা ওদের মত কিছু লোকের জন্য দেশটাকে ডুবিয়ে গেছে
Personal Hate	বাঁশ কিন্তু তোমার জন্য রেডি আছে, শুধু তোমারে আবার বাডে পাইয়া লই. কুত্তার বাচ্চা। 
Personal Hate	যতসব নোংরা বেপার উপস্থাপন করে।
Personal Hate	এই সৌভিক কাউয়া চুদা ছাড়া কি অন্য কোনো আর্টিস্ট নেই?
Personal Hate	কি কুত্তা গেও গেও করেছ কে 
Personal Hate	আসিফ হারামিরে দেখলে মাথা গরম হইয়া যায়...
Personal Hate	পোলা গুলি কিচ্ছু বুঝে না ধুকাইবার আগেই কাম শেষ ফালতু কথাকার 
Personal Hate	সব,পাগল,ছাগল
Personal Hate	বিয়ে তো করছে এক মক্কল বেডারে যেন বাইরে বাইরে ইত্রামি করতে পারে।
Personal Hate	বালি সোদাও না আবার বাংলায় জন্মগ্রহন করা মারাইছ কেন?
Personal Hate	পছন্দ করার মত একটা নায়িকা ছিলো কিন্তু এখন ওরে কুত্তা দিয়া চোদাইতে মন চাইতেছে 
Personal Hate	মেয়েগুলাও নিমনিমা বেশ্যা আর শয়তান,
Personal Hate	যে কমেন্টের রিপ্লাই দিয়া সৌভিকের চামচামি করবে,তার মাকে আমি কন্ডম ছাড়া চুদি
Personal Hate	যেই মাইজ্ঞা হালায় বিয়া করছে ওই হালায় সাগর পাইছে
Personal Hate	সাজু কুত্তার বাচ্চা ওর জন্ম পতিতালয়ে ।মাদারচোদ 
Personal Hate	ফাক ইউ ব্লাডি সাজু খাদেম। 
Personal Hate	টোটালি একটা পাগলের কারখানা, ছাত্র-শিক্ষক দুইজনে পাগল,
Personal Hate	মাদারচুদ তরে দেখলেই মেজাজ খারাপ হয়ে যায়
Personal Hate	বিচারক মেয়েটা কে আমার কাছে নিয়ে আসো,আমি তাকে ধরে সিফাদু থেরাপি দিবো..
Personal Hate	বিচারক শালির বেটি মনে হয় ইচ্ছে এর বাংলা জানে না।
Personal Hate	প্লিজ কেউ কন্ড়ম চারা ওরে চুদবেন্না
Personal Hate	এই জংলী প্রাণিটার নাম কি।মাথায় আওয়ামি কাউয়ার বাসা।
Personal Hate	ওকে প্রশ্ন করা উচিৎ চিলো,এই অডিসনে এই পজিসনে পোচাতে কয় টা খাটে রাত কাটাতে হয়েছে।
Personal Hate	মনটায় চায়তাছে তরে পাবনার পাগলা গারদে নিয়ে চুদাই 
Personal Hate	শফিক তর গাল দে কে মনে হয় তুই গাজা খাস 
Personal Hate	জাজ রাইতো আসল মূর্খ 
Personal Hate	ইমিকে সিফাত উল্লাহর কাছে পাঠিয়ে দেওয়া হওক পাছায় বেতের বাড়ি মারার জন্য
Personal Hate	সিয়াম ভালো টায়া মাগি ফালতু পাশের ছেলেটা ও ভালো
Personal Hate	মজিব কন্ডম টয়া খবিস 
Personal Hate	চুতমারানি ছিরতে পারনা ভেড়ীর বাল লাফ দিয়া ধরো মাইনসের বাল।
Personal Hate	মাগী তুই কি ভুলে গেলে যে তুই টিভির সামনে বসে কথা বলছিস
Personal Hate	আল্লাহ, আসিফের নুনু তুমি আরো ছোট কইরা দাও এইসব মাগীদের ইন্টারভিউ নেয়ার জন্য! 
Personal Hate	এরা স্বাভাবিক মস্তিকের মানুষ না 
Personal Hate	এই মাগির মুখে বাংলা ভাষা মানায় না। 
Personal Hate	এই শুয়োরছানা বাংলাদেশে কার চোদা খাওয়ার জন্য পড়ে আছে ? 
Personal Hate	বালের আবালের মত খালি ইংলিশ মারাও না! 
Personal Hate	এগের না চুদে ভাত খাওয়া যাই।
Personal Hate	এই ছামারের বাচ্ছারা, এটাকি ফ্যামেলি নিয়ে দেখার মত ভিডিও
Personal Hate	ভাই এই আলি জি-স্টার (আবাল-স্টার) রে আর কত পচাববেন
Personal Hate	পাছায় বারি খাওয়ার পর শোওফিকের তামাশা করতে ভাল লাগে!!!
Personal Hate	তোমার দুধ বড় কেনো.
Personal Hate	মাগি আল্লাহ ওর নাম নিস কেন এই নস্টা মুখে 
Personal Hate	আল্লাহই জানে এইডা ওই বলদ হাজব্যান্ডের বাচ্ছা কি না অন্য কারোর.
Personal Hate	ফকিন্নি যদি জাজ হয়,তাহল এমনই হইবো 
Personal Hate	চটি আজাদ পতিতালয়ের বাচ্চা,
Personal Hate	মাগি দের জন্য দেশ টা নষ্ট হয়ে যাচ্ছে 
Personal Hate	খানকি মরলে বুজবি।
Personal Hate	বাংলাদেশে যদি কোন খানকি থাকে সেইটা হলো টয়া
Personal Hate	মাইর গুলা কেমন লাগলো৷ বাশ এর বাড়ী 
Personal Hate	খানকি মাগি নডির পুলা মায়ের সামনে ভিডিও চালু করসিলাম আর তর বালের আহ সাইন্ড আইসা পরল।
Personal Hate	ইজ্জত আর রাখলি না খানকির পয়দা 
Personal Hate	বিয়ের কয় এক মাসে যদি বাচ্চা হয়ে যায় তাইলে তো শালী দশ বেটার লগে ঘষাঘষি করছে 
Personal Hate	বড় বড় সেলিব্রিটিরা তোর মতো নোংরামি করে না রে অসভ্য বেহায়া হারামজাদি সনিকা।
Personal Hate	এই ইন্টারভিউ দেখার পরে মনে হচ্ছে সোনিকা একটা মাগী! 
Personal Hate	ফান আর নোংরামীর পার্থক্য আছে যেটা আপনার শিখা উচিৎ।
Personal Hate	ক্লাসলেস পিস অফ শিট! 
Personal Hate	আর আসিফ তোর নুনু এই কারনেই ছোট
Personal Hate	তুই মাগীবাজি না করলে আল্লাহ তোর নুনু বড়ই রাখতো।
Personal Hate	মাদারির চোদরে লাথি মেরে বেরকরে দেওয়া দরকার ছিলো
Personal Hate	তোদের মতো কুত্তার বাচ্চারা সোনিকার মতো মেয়েরা পাইলে শিওর গ্যাংব্যাং দিবি
Personal Hate	মাদারিচোদ কতবড বেয়াদব 
Personal Hate	মাগি ডা অনেক সেক্সি হয়ে গেছে
Personal Hate	মাগির দাত কিন্তু হলুদ 
Personal Hate	দূর কেন যে টয়লেটে বসে তর ভিডিও দেখতে গেলাম এখন আমার হাগায় বন্ধ হয়েগেছে।
Personal Hate	ছোটি আজাদ খানকির পোলা
Personal Hate	ওর জামাই টা কি বোকাচোদা
Personal Hate	অন্যের বাচ্চা ঘারেনিছে,তাও আবার জারজ 
Personal Hate	এইসব চোদমারানির পোলারা এত পচানি খায় তাও শিক্ষা হয় না!
Personal Hate	নাটকের ভালো একজন অভিনেত কে কাকে বললি সালার মাদার চোদ 
Personal Hate	ফালতু মেয়ে নিয়ে ফালতু পেচাল 
Personal Hate	ভালগার প্রশ্ন বাদ দিয়া ভালো কন্টেন্ট বানাতে চেষ্টা কর। 
Personal Hate	এই মেটা দেমাগি এরে শোদা দরকার না ভাই
Personal Hate	আমাদের ঘৃনায় তোদের কিছু হবেনা কারন তোরা জারজ
Personal Hate	একবার জদি তোরে সামনে পাইতাম,হাজার পাবলিকের মাঝখানে, তোরে লেংটা করে দিতাম,
Personal Hate	কি সব বাল সাল, সোনিকা ধুর ক্ষ্যাত
Personal Hate	শেষের কথা টা মাদার চোদে কি বলে 
Personal Hate	কোইটা লগে চোদা খাইচত
Personal Hate	আশা করি নেক্সট টাইমে বনানি থেকে কোন মাগী ধরে এনে তার ইন্টারভিউ নিবেন
Personal Hate	বস্তাভর্তি মেকাপ নিয়ে বালের কনভারসেশন নিয়া বসছে।
Personal Hate	তুই তো কারো পায়ের জুতো হওয়ার ও যোগ্য না আর ভাব লস ?
Personal Hate	ওই কুকুরের বাচ্চা মেয়ে দেখলে দন খারা হয়ে যাই নাকি সালার 
Personal Hate	তুর মায়ের ফুটকির বিতরে ডুকাই দেব মনে রাকিস সালার বেটা
Personal Hate	বাঙালি হয়ে ইংরেজী বেশি বলাতে লাভ টা কোথায়?? 
Personal Hate	শুকারের বাচ্চার লিঙ্গ কেটে 100ভাগ করব। 
Personal Hate	বুক দেখলেই বুঝা যায় কত জনে চুষছে আর টিপছে
Personal Hate	শূয়রের বাচ্চা রে মন চায় লাত্থি দিয়া বাংলাদেশ থেকে বের করে দিই।
Personal Hate	সব গুলা মাদার চুদ। 
Personal Hate	কিন্ত কথা হল এই মাগি রে বিয়ে করসে কে
Personal Hate	মাগিটারে সাকিব খান কাজের মেয়ে হিসেবে রাখাবে না।
Personal Hate	ঠিক মতো বাংলা বলতেই পারে না।সে আবার ডি জে।
Personal Hate	জত্তসব ফালতু চুদা কারবার, 
Personal Hate	এনারে তো বেশ্যা মনে হইতাছে। 
Personal Hate	চুতমারানি একটা ... ইচ্ছা হইলে পর্ণ দেখব কিন্ত ওর গান না
Personal Hate	মাগিরে কুত্তা দিয়ে চুদানো দরকার। বাইর হ বাংলাদেশ থেকে তুই
Personal Hate	বুকের দুই পাশে দুই টুকরো ছিড়ে ফেললে আরও সুন্দর ও সেক্সি লাগত। 
Personal Hate	রাস্তার মেয়ে...পতিতার চেয়ে খারাফ।
Personal Hate	যদি জারজ না হয়ে থাকিস, তাহলে দয়া করে ভাল হয়ে যা 
Personal Hate	সনিকা যে একতা মাগি তা আপনার শো তে এসে প্রকাশ করল ।
Personal Hate	ফুল পর্ণ ভিডিও দেখাইয়া কস ইন্টারভিউ।
Personal Hate	লজ্জা পানির লগে মিশাইয়া খাইয়া লাইছে নাকি বুজতাছিনা।
Personal Hate	ইউটিউব নোংরা বানানোর কারিগর...
Personal Hate	বাঙালি না থাকলে উনি ন্যাংটা হয়ে খোলা আকাশের নিচে tot tot করতেন সম্ভবতো।
Personal Hate	তোদের তো চুদেই তো টাকা দেয়।
Personal Hate	সোভিকের মত ফালতু চুদা আর নাই 
Personal Hate	বাংলায় কথা বলতে কি আপনার কষ্ট হয়?
Personal Hate	মাগির চিহারা দেখলে পিটাতে মন চায়
Personal Hate	মাদারচোদ। হেটার পাছায় ভইরা দিমু। 
Personal Hate	ছুরি একটা মাগি!!
Personal Hate	তুই তোর মার পুটকি মার খানকির পুত 
Personal Hate	এটা মেয়ে না। ইহুদির বাচ্চা।
Personal Hate	আসিফের বাপে ওরে একটা আবাল হিসাবে পয়দা করছে
Personal Hate	তোমরা নুডিরা বাংলাদেশে ঝামেলা সৃষ্টি করতে যথেষ্ট!!!!
Personal Hate	কি বাজে কণ্ঠ!! এই বেডি অটো টিউন ছাড়া গানের দিকে আইলো কেমতে?? 
Personal Hate	এই সব পতিতা মানুষিকতার মেয়েরা আমাদের দেশের আবর্জনা
Personal Hate	আই হায় কি ভাব চুদায়, তুই আমার লাওরার ভিজা বাল।
Personal Hate	তুই ২০ টাকার খানকির চেয়েও নষ্ট মাগি। 
Personal Hate	হালার গরের হালা বাবা খোর
Personal Hate	ইউটিউবার দেখছি এমন বক্সচুদ ইউটিউবার তো দেখি নাই কখনো।
Personal Hate	ফেমিলি সো শালার তোর ভিডিওর শুরুতে আহ সাউন্ড।
Personal Hate	আবাল এইগুলোও তোর কাছে লোক হাসানো প্রশ্ন মনে হয়??
Personal Hate	ভালো কোন অনুষ্ঠানে যত সব মূর্খদের দাওয়াত করে। 
Personal Hate	সব গান গঞ্জিকা খাইয়া গাইছে হ্লা আবাল চুদারা
Personal Hate	দুইটাই পতিতালয়ে জন্ম নেয়া অবৈধ বেয়াদবের বাচ্চা! 
Personal Hate	ফালতু উপস্হাপিকা। বেশি নেকামি করে। 
Personal Hate	এই একটা মেয়ের গলা হুনলেই বমি আইসা পরে
Personal Hate	এই সব পাগল ছাগল ও ইন্টারনেট এ দেখতে হয়। 
Personal Hate	খাচ্চর মানুষ গুলার খাচ্চর মার্কা কথাবার্তা।
Personal Hate	মিস মূর্খ বাংলাদেশ প্রতিযোগিতা । 
Personal Hate	আরে হালার পোত ও মাতারি ইংলিশ মাড়াচ্ছিস ইংলিশেই মারা
Personal Hate	মাদার চোদ আরেক জনের গান নিয়ে মজা চোদাও  
Personal Hate	আজ একদম সিওর হলাম ওর কোন ইজজত নাই 
Personal Hate	খানকির পোলাগো ভাষা দেখো 
Personal Hate	দুধ গোলা এত্ত বড় করে পেলছে কেমনে?
Personal Hate	গলা শুনলে মনে হয় মুখে ধোন ভইরা রাখসে। 
Personal Hate	লুচ্চা খানকির পুলা
Personal Hate	মাগি ছাগলের ডিম ডুকাইয়া দিমু 
Personal Hate	কয়দিন পর চুদতে চুদতে বলবে তারা ফান করছে
Personal Hate	তুই একটা মাগির পোলা 
Personal Hate	ভাইয়া এই সব পাগল দেরকে নিয়ে আসেন কেন। 
Personal Hate	পয়দা হওয়ার পর যত গালী শিখছি সব ওর স্পর্শীয়ার গুদে দিয়ে দেব।
Personal Hate	ছোটা আজাদ আর স্পর্শিয়া দুইটারেই কাঁটা জিগারের চেলি দিয়া বাইড়ানি দরকার!
Personal Hate	ছিছিছি এই মেয়েটা এত নোংরা ভাপ্তেও পারিনা।
Personal Hate	মাগী টা চুদা খায় নিয়মিত মনে হচ্ছে। 
Personal Hate	আপনার নাম যে কেন সবাই "চটি আজাদ" রেখেছে, তা আজ বুঝলাম। 
Personal Hate	যদি এমন হতো.তাহার দুই হাতার বদলে বুকের জায়গায় ফুটো থাকে
Personal Hate	এই বালপাকনা মাগী রে নিয়া আজকের এপিসোড টা বরবাদ করলেন।
Personal Hate	খানকির পুতেরা। কুত্তা দিয়া পুন্দামু মাংগের পোলা 
Personal Hate	সেক্স কোরে তার পর ভিডিও দে লাইভ এসে!! 
Personal Hate	দুদমারানি-দুদমারানি-দুদমারানি'। 
Personal Hate	কত জন যে চুদছে মাগীর ভোদাতে, স্পর্শীয়া মাগী। 
Personal Hate	এই সব বাইনছোদরে গারানো দরকার 
Personal Hate	বালের ব্যাকগ্রাউন্ড মিউজিক লাগাইসো 
Personal Hate	লাত্তি মেরে স্টেজ থেকে বের করে দেওয়া উচিত 
Personal Hate	বোকা চোদা বাইঞ্চদ সৌভিক কাইল্লা 
Personal Hate	হ্যালো লুইচ্চা আজাদ?
Personal Hate	আসলে তোমার তো মা ও বোন নেই,
Personal Hate	মাগি আগের থেকেই বাধাই রাখছে আর কই পরের মাসেই বাধছে.
Personal Hate	তোরাই সমাজ নস্ট করিস,
Personal Hate	এই মাগিকে দিয়ে বারা চুসানোর ইচ্ছা করতেছে 
Personal Hate	চোদনা এইটা বুঝি ফ্যামিলি শোও রে..
Personal Hate	রোবট টাইপের মাগি।
Personal Hate	পরিচয়ের আগেই চুদে দিলো... 
Personal Hate	তরে তো গুদ মারে ছোট আজাদ ওর ছোট মেশিন দিয়া
Personal Hate	তুই কি পতিতালয়ে জন্ম্য নিছিস
Personal Hate	তর আম্মু আব্বু ওরা সবাই পতিতালয়ের,
Personal Hate	ভুলটা প্রশ্ন কর্তার। সে একটা উন্নত মানে ছাগী টাইপ 
Personal Hate	জামাই যদি বাচ্চা হয় তবে জামাই কে দুদু খাওয়া
Personal Hate	এদের আসলে মানসিক বৈকল্য ঘটেছে। 
Personal Hate	মাগীরে দেখলেই মেজাজ খারাপ হয়ে যায় 
Personal Hate	মাগি তকে আর ভালো  কি করবে 
Personal Hate	বাংলাদেশ তে ভাগ মাগি নাহলে তোর পাছায় লাত্থি দিয়া মায়ানমারের পাঠামু
Personal Hate	শালারপুতরা বললে বাংলাই বল খিচুড়ি বলিস না। 
Personal Hate	তোমাদের এ শো থেকে জেচিকা শনাম নের চটি দেখা অনেক ভাল 
Personal Hate	এই ম্যাইয়ারে হেমায়েতপুর থেইকা খোলা অবস্থায় ছাইড়া দিছে কেড়ায়!!
Personal Hate	কয় হেই বাংলাদেশি না হেই আবার বাংলাদেশের নিমক খাইয়া হারামিপনা করে
Personal Hate	কিরে ভোদায় কি জল এসে পড়ছে নাকি ভিজে গেছে বলতেছস??
Personal Hate	ব্রা বলে? হা হা হা শালা লুচ্চা
Personal Hate	তারউপর এটা কেমন টাইটেল দিছস তোর ভিডিওর?
Personal Hate	যারা বিচারক তারাই ছাগল তা যারা প্রতিযোগিতা তাদের কি অবস্থা হবে
Personal Hate	এসব ভালগার ভিডিও বানানো অফ কর। 
Personal Hate	মাগি তুরে কুত্তা দিয়া চুদান উচিত।
Personal Hate	ভাইব্রাদার এখন সফটপর্ণের চ্যানেল হইছে।
Personal Hate	মনডায় কয় মাগির বাচচারে টান দিয়া সাওয়া টা ছিড়তে পারতাম
Personal Hate	তুই শালায় এই ডি কি লাগাইছোস
Personal Hate	ইউটিউব এ একাউন্ট খুলছোস? ভালো কিছু বানা যাতে মানুষ দেখে
Personal Hate	গন জাগরেণ নিয়া চুইদা এইটার ভোদের রস বাহির করার দরকার
Personal Hate	আরে তুই তো বাজারের মেয়ে থেকেও খারাপ। 
Personal Hate	তোদের ভোদার রস যখন শুকিয়ে যাবে তখন তোদের কুত্তাও চুদবেনা 
Personal Hate	বাঁশ এর বাড়ি আবার খাবি নাকী গরুর হাটে 
Personal Hate	ছোট আজাদের মরিচ আসলেই ছোট।
Personal Hate	দেখে মনে হচ্ছে চুরি করতে গিয়ে ধরা খাওয়ায় বাশের বাড়ি খেয়েছ।
Personal Hate	বাংলায় ভোদা বললে দোষ আর ইংলিশ এ গুদ শুনতে খুব ভালো লাগে একেবারে মন ভইরা সোনা খারায়া যায় না?
Personal Hate	বান্দির পুতকেতো দেখতে ফকিন্নি লাগে।বস্তির পুলা,শালা টুকাই। 
Personal Hate	এই কুত্তার বাচ্চা এটা কি ইংলিশ অনুষ্টান মাদাদর চোদ
Personal Hate	এর যদি ভিডিও বাহির হয়,প্রভার চেয়ে ও বেশি চিল্লাই বো,
Personal Hate	চুল মডেল এইটা। দেখলেই রাগ উঠে।
Personal Hate	হ... বাংলাদেশের চ্যানেলে তোর বাল চালাবে... 
Personal Hate	আজকের সো বালের হইছে। জমে নাই 
Personal Hate	এসব ফালতু দের নিয়ে এসে সেলিব্রেটি বানানোর দরকার নাই।
Personal Hate	খাটি বাংলায় এক কথায় মাগি একটা।
Personal Hate	শালীর কন্ঠ গাবীন গরুর মত
Personal Hate	যত সব আবাল মানুষের বসবাস, ইউটিউব এর সেলিব্রিটি হইলেই যা মন চায় করা যায় না ভাই. লিমিট এ থাক
Personal Hate	ছেলে দুইটাকে ভালো লাগছে কিন্তু মেয়ে টাকে ভালো লাগল না
Personal Hate	টয়া ১ নাম্বার মাগি। 
Personal Hate	খুব সুন্দর ও সেক্সি লাগছে।
Personal Hate	বেহায়ার মত এমন পর্ণ ভিডিও বানাইতাছে 
Personal Hate	টয়া মাগী ফালতু 
Personal Hate	টয়ার কেরিয়ারকে দেখতে চাই কনডোমের মাদদোমে 
Personal Hate	টয়া দ্যা খানকি মাগী ইন বিডি
Personal Hate	মাথার ভেতর কী? পায়খানা?
Personal Hate	কনডম নিয়ে আইছোতো 
Personal Hate	টয়ার বোধা সব সময় খোলা থাকে । 
Personal Hate	এই মাঘীর বোধা যে কত চোদা খাইছে তাই নিজেও বলতে পারবে না।
Personal Hate	আর এই মাঘা গুলা কে? দেখতে পুরা ঝারজ সন্তানের মত .... 
Personal Hate	এটা মেয়ে নাকি হিজড়া কিছুইত বুজলাম না 
Personal Hate	এটা নোয়াখালীর মাগী, কডোম টয়া
Personal Hate	যতো সব ফাউল 
Personal Hate	টয়া মনেহয় ঘুমায় ও দাত মেলে
Personal Hate	নষ্ট মাদারচোদ একাকটা!
Personal Hate	টয়া! তুমি কি এখনো ব্যাগে কন্ডম রাখো?
Personal Hate	ছাগলের বাচ্চা সিয়াম
Personal Hate	ইয়াবাহ্ খাইতে খাইতে সিয়াম শেষ
Personal Hate	সেসেরটা সুনে মন চেয়েছিলো ওকে জুতাদিয়ে পিটিয়ে,
Personal Hate	ওর কথার দরনই ভালো না 
Personal Hate	এই খানকিরে দেখলে বমি আসে! 
Personal Hate	টয়া কে বাজে লাগে তার কিছুই ভাল লাগেনা। 
Personal Hate	টয়া একটা পতিতা,কনডম কন্যা 
Personal Hate	ফালতু মাগী,দুধের কি অবস্থা 
Personal Hate	এগুলা সব পাগলের কারথানা। 
Personal Hate	নিজেরই যোগ্যতা নাই মিস বাংলাদেশ হওয়ার, আবার আইসে অন্যদের judge করতে। 
Personal Hate	যারা প্রশ্ন করছেন তারাও তো গর্দভ।
Personal Hate	টয়া একটা ফালতু মেয়ে,...... 
Personal Hate	মাগি একটা সোজা কথায়
Personal Hate	সুদখোর তোদের একরাত চুদে ৫ লাখ টাকা দেবে তা তো কমই দেয়.
Personal Hate	কথাও বলতে পারে না শালারা
Personal Hate	সবাই দুধ ভাসাইয়া আশে টিভির সামনে 
Personal Hate	বাল পাক্না পুলাপাইন 
Personal Hate	টুয়া তোর মারে বাপ 
Personal Hate	তুই যে আধা লেংটা কেমরাতে আসিস তোদের জন্মের ঠিক নাই মাগি 
Personal Hate	মাগি তোর এই সব জামা কাপর করতে হলে। বিদেশ যা। নাহলে পতিতালয়ে যা। 
Personal Hate	এই মেয়ে টাকে একটুও মায়া লাগেনা আর যে বাজে পোষাক পরেছে ছি ছি ছি
Personal Hate	হুর চুরের ঘরের চুর, তোর চেহারা দেখলেই চুর চুর লাগে
Personal Hate	বাংলাদেশেও লেংটা হয়ে রাস্তায় ঘুরে বেড়া তোদের কেউ নিষেধ করবেনা। 
Personal Hate	মাগির সেক্স উইঠা গেসে কেমন করে এই অসভ্যের বাচ্চার জন্মের ঠিক নাই মাগি খানকি
Personal Hate	যত সব আবালের প্রলাভ 
Personal Hate	টয়া কি করে আসল মিডিয়ায় চেহারার সাইজ নাই 
Personal Hate	টয়া খানকির পোশাকটা খুলে ফেললে ভালো হতো
Personal Hate	মদ খা শালারপুতেরা
Personal Hate	মাঝে মধ্যে আমাদের ভাষা টাকে কেন অপমান করছিস 
Personal Hate	ফালতু চেহারা, ফালতু বয়ান। 
Personal Hate	মাগি টারে দেখলে পর্ণ স্টার এর মতে লাগে।
Personal Hate	লাইসেন্সেড মাগী! 
Personal Hate	এই কুত্তার বাচ্চাদের জন্য বাংলাদেশের কালচার নষ্ট হচ্ছে। 
Personal Hate	সাজু খাদেম তুই একটি লটি মাগির বাচ্চা। 
Personal Hate	সনিকা তুমি চুদা খেতে পাড় আমরা বল্লে ধুস 
Personal Hate	অশ্লীলতা আর বেহায়াপনা ছাড়া আর কিছুই না 
Personal Hate	ছি ছি ছি এই মাদার চোদরা বেলে উপস্হাপক
Personal Hate	সাজুর কোন লজ্জা নাই। 
Personal Hate	এসব কি বলে আসলে সে মাগি বাজ 
Personal Hate	সউভিক সালা গাজাখোরদের মত লাগতেছে। 
Personal Hate	ম্যাগিস্থাপিকা টয়া
Personal Hate	ছেলেগুলাও এক নাম্বারের ফাজিল উপস্থাপক 
Personal Hate	শেষমেশ রাস্তাই পরে গণধোলাই খাইলি।শালা ছোট লোকের বাচ্চা। 
Personal Hate	মাদারচোদ পুটকিতে মরিচ ভইরা দিমু! 
Personal Hate	সাজুএই প্রশ্ন্যটা তোর মাকেও বোনদের করিস তো দিক উত্তর পাবি-কারন একই চলিত ভাষা হবে। 
Personal Hate	শালা মাগির বাচ্চারা। 
Personal Hate	পুরাই আজব রে মাইরি,মানুশকে কি এতোই বোকা পাইছস,পেয়েছো,পেয়েছেন আপনারা,পেয়েছিস???
Personal Hate	আজাইরা উপস্থাপনা কারী 
Personal Hate	তরা পমান করলি তরা বাংলা মাগি 
Personal Hate	সালারা ডা.মাহফুজুর রহমানের থেকে অবাল
Personal Hate	মাদারচোদ হোল তুইলা নিয়া আইসস
Personal Hate	সাজু খাদেম আসলেই একটা বেয়াদব।
Personal Hate	অশিক্ষিত কুত্তার বাচ্চা। জংগি শালা।
Personal Hate	খানকির পোলা এ হেডালির পোলা বেশি উম্মাত। 
Personal Hate	এই শালাদের কারনেই দেশের এই অবস্থা।
Personal Hate	সাজু শালা এক টা রাম ছাগল। 
Personal Hate	তোদের মত ফালতু লোক আমাদের কালচার নষ্ট করছে। 
Personal Hate	সবগুলো বোকা চোদা 
Personal Hate	খানকি মাগির পুত সাজু পাদেন রে মহিলারা জুতার বাডি দিল না ক্যারে।
Personal Hate	মাননীয় চোদনা আমি তো স্পিকার হইয়া গেলাম 
Personal Hate	মিডিয়ার মানুষ গুলা আস্লেই নোংরা। সারাদিন সেক্স আর সেক্স। 
Personal Hate	শালায় ফরিদপুরের নামটা ডুবাই দিলো,
Personal Hate	সাজু শালা তোর বোন আর মা দুধের উপর সর পড়ে আছে
Personal Hate	শামিম এর এক্টিং বডিল্যাংগুয়েজ নির্ভর।ভাড়ামী মাত্রাতিরিক্ত
Personal Hate	তোমাদের জন্য দেশের আজকে এই অবসতা 
Personal Hate	ফাক ইউ!!! মাগীর বাচ্চা মাগী।
Personal Hate	ব্রা-প্যান্টি পইড়া নিকি মিনাজের মত এনাকোন্ডা পার্ট টু বের কর.
Personal Hate	শেষের টা মাথাল 
Personal Hate	ভিডিও দেইখা আবেগের বশে পাশের বাড়ির ভাবিয়ে ছড়িয়ে ধরছি...!
Personal Hate	সালিরা মিস ওয়ার্ল্ড আইছে নাকি গাজাখুরী কথা বলতে আইসে
Personal Hate	সাজু খাদেম,একটা জানোয়ারের বীর্যের সন্তান। 
Personal Hate	কানকির পুত এইকতা তোর মাকে আমি বলতে চাই 
Personal Hate	শয়তানের বাচ্চা মরিস না কেন 
Personal Hate	সৌভিক কি হিজড়া না কি যে,সৌভিকের বিয়ে নিয়ে প্রাঙ্ক হয়!?
Personal Hate	সাজু হালারে কেও ধইরা (তেরে নাম) এর পাগলা গারদ এ ভর্তি করায় দিয়ায়।
Personal Hate	শেষেরটা কোন চুদির ভাই? 
Personal Hate	প্রশ্নকর্তা এবং উত্তরদাতা সবাই আবাল। 
Political Hate	স্বাধীনতার ঘোশনা কে দিয়েছিলো তোর বাপ তাহলে তুইতো তোর বাপের স্তান না রে সালা
Political Hate	দেশের জনগণের কাছে তাদের গ্রহণযোগ্যতা নেই, জনগণের সঙ্গে কোনো সম্পৃক্ততা নেই । 
Political Hate	মইনুল রাজনৈতিকভাবে চরিত্রহীন
Political Hate	আগে নিজেদের চরিত্র ঠিক করে তারপর অন্যদের সমালোচনা করুন । 
Political Hate	প্রকৃতপক্ষে আপনি রাজনৈতিকভাবে চূড়ান্ত চরিত্রহীন । 
Political Hate	নির্বাচন কমিশন তো নিজেরাই বিভক্ত হয়ে পড়েছে । 
Political Hate	ইসি এই দায়িত্ব পালন করতে পারে না । 
Political Hate	আমরা প্রথম থেকে বলে এসেছি, এই ইসি যোগ্য নয় ।  
Political Hate	এরা কাজ করতে পারবে না, নির্বাচন করতে পারবে না ।  
Political Hate	নির্বাচন কমিশনের নিজস্ব কোনো ক্ষমতা নেই । 
Political Hate	যে সরকার ইতিমধ্যে সব প্রতিষ্ঠান দলীয়করণ করেছে, সেই সরকারের ব্যক্তিদের দিয়ে নির্বাচন পরিচালনা অসম্ভব । 
Political Hate	কমিশন সচিবের কথা শুনলে মনে হয়, তিনিই প্রধান নির্বাচন কর্মকর্তা । 
Political Hate	প্রধান নির্বাচন কমিশনারকে মনে হয়, সবচেয়ে অসহায় ব্যক্তি । 
Political Hate	সকালে একটা বলেন, বিকেলে আরেকটা বলেন ।  
Political Hate	সাত দিন আগে এক কথা বলেন, আর সাত দিন পরে আরেক কথা বলেন । 
Political Hate	এই ইসির অধীনে কীভাবে একটি সুষ্ঠু নির্বাচন হবে? 
Political Hate	সিইসির এখতিয়ারটা কী? আওয়ামী লীগকে ক্ষমতায় বসিয়ে দেওয়া তাঁর (সিইসি) এখতিয়ার?
Political Hate	খালেদা জিয়াকে জেলে আটকে রাখবেন, আর আপনি নির্বাচন করবেন, এই নির্বাচন হবে না, মানুষ মেনে নেবে না । 
Political Hate	ঐক্যফ্রন্টের মাধ্যমে সরকারের পতন হবে । 
Political Hate	মাইি অতি চালাক । অতি চালেকের গলায় দরি । হা হা হা 
Political Hate	এগু লো বি এন পি র বিরু দ্ধে মা হির চক্রান্ত 
Political Hate	জাতীয় ঐক্য প্রক্রিয়া থেকে ছিটকে পড়ে মাহি'র চুলকানী শুরু হয়ে গেছে । 
Political Hate	মাহি এবং তার বাবার জামাতের ১,ইউনিয়নের ভোট ও নেই
Political Hate	দুই জাতীয় বেঈমানকে বের করে দেয়ার পর চুলকানী শুরু হয়েছে । 
Political Hate	বিড়াল শুটকির নাগাল না পেলে বলে পরের হক্ব খাইনা
Political Hate	শালা বাপ বেটা দুজনই রাজনৈতিক এতিম । 
Political Hate	মাহি বি দুই বাব বেটা মিলে ১টা আসন পাবেনা,তার আবার বড় বড় কথা,
Political Hate	মাহির কথায় বুঝা যায় যে এই ফোন আলাপ সাজানো এবং সরকারের নির্দেষ অনুযায়ী 
Political Hate	মাহির কারনে তার বাপের এইদশা
Political Hate	বাল পাকনা ভালো .এত বেশি বাল পাকনা ভালো না. 
Political Hate	এই বি মাহি মার্কা লোকের কোন দরকার নাই । । । 
Political Hate	এইটা বুযতে হবে জাতিতে এই সব কাউয়া কাদিরার সাজানো নাটক
Political Hate	সরকার এর সাথে আতাত করে ঐক্য নিয়ে চক্রান্ত তো আপনারা বাপ বেটাই করছেন মি: মাহি!
Political Hate	বাপ বেটারে আরো আগে লাতি দেওয়া উচিৎ ছিল 
Political Hate	মাহির মতো গাদা না থাকলে ঐক্যের কোন সমস্যা হবে না । 
Political Hate	মাহি তুই কুকুরের মতো গেউ গেউ করোছ কা, শালা দালাল চক্রের মধ্যে তুই একজন 
Political Hate	মাহীবি একটা ভেদধব ইস্টপিট 
Political Hate	মাহি বি চৌধুরী আওয়ামী লীগের দালাল
Political Hate	মাহী তুই একটা হাইওয়ান 
Political Hate	এগুলি সব এডেটিং করেছে মাদার চুদের সরকারের দালাল রা । !
Political Hate	মাহি বি চৌধুরী একটা দালাল এইটা সহজ ভাবে বুজতে পারা আর বাকি রইলোনা সো সেড 
Political Hate	এটা হচ্ছে মাহির এবং সরকারের আরেকটা চাইল । 
Political Hate	আপনারা দেশকে ভালবাসেন না, আপনারা অনকে লোভি । 
Political Hate	মাহী বেশী চুল পাকনা লোক
Political Hate	বাপ বেটা মিলে নতুন দালালী শুরু করছিলো 
Political Hate	মাহি কোন চেটের বাল মেম্বার হোওআর জুগগোতা আসেনি সাউআর পুতের 
Political Hate	মাহি যে ব্যক্তি একটা মেম্বার হওয়ার যোগ্য না বেটা বেশি পটর পটর করে 
Political Hate	চাগল দিয়ে যেমন হালচাষ হয় না এদেরকে দিয়ে কখনোও দেশ চলবেনা 
Political Hate	মাহি তোর মুখে আল্লাহর নাম মানায় না কারণ তো ইসলাম বিদ্বেষী 
Political Hate	মাহির আচরণে ছাগলের ৩ নাম্বার বাচ্চার মত লাগছে । 
Political Hate	মাহি বি চৌধুরী জাতীয় বেইমান, 
Political Hate	মাহী চৌ বাস্ট্রার্ড ,ইন্ডিয়ান সৌর হাসিনার দালাল,
Political Hate	মাহি পাগল হয়েগেছে । 
Political Hate	মাহি বর্তমান রাজনীতিতে আওয়ামী লীগের চামচামী করতেছে । 
Political Hate	মাহী তুই মাগীর ছেলে জারজ 
Political Hate	ঐক্যটাকে ধ্বংস করছে শয়তান মইনুল ইসলাম । 
Political Hate	মাহি শুয়োরের বাচ্ছা অটিস্টিক জয়ের এজেন্ট 
Political Hate	মাহি বি চোধুরী, এ তো দেখি পুরাই আওয়ামী দালাল । 
Political Hate	মাহি যে একটা বড় মাপের টাউট তা তার ক্ষিপ্ত ভাষা থেকেই বুঝা যায় । 
Political Hate	একজন মেম্বারের যোগ্যতা যার নাই অথচ কত্থা বলে ইচরে পাকার মতো । 
Political Hate	মাহি বাদ পড়ে মাথা খারাপ হয়ে গেছে । 
Political Hate	জামাত কি তোর মা বোনরে চুদছে মাদার চোদ 
Political Hate	জামাতের এক ইউনিয়নের জা ভোট আছে তোদের বাপ বেটার সারা বাংলাদেশে সেই ভোট আছেনি
Political Hate	শালা বাসটারড হাসিনার পাও চাটা কুত্তা 
Political Hate	২ সালারে, বেধে,জামা কাপড় খুলে,পাচার মধ্যে ক্রশ ক্রশ করে মারতে হবে, বেত দিয়ে
Political Hate	মাহি একটা মাগির চুদা । 
Political Hate	দালাল মাদারি,জামাতের একটা আসনের হাফ ভোটে ও পাবে না, 
Political Hate	মাদারি মাহি তুই কি ভদ্র??
Political Hate	তুদের কে বের ক রে দেয়াই খুব ভাল করছে, 
Political Hate	মাহি বি চৌধুরী একজন স্টুপিড, হেই একটা বাস্টার্ড.
Political Hate	আরে বেটা মাহি গাবি না কিনে বালতি নিয়া চিন্তা করস 
Political Hate	তোরা নির্বাচন করলে তোমরা দুই আসনে পাবি না
Political Hate	ছেটের,বাল,একছিট,পায়র,যৌগ্না,ছিট,ছায়,ছেটের,বাল
Political Hate	মাহিরে চুদার সময় আছে বাঙালির....
Political Hate	মাহি বি চৌধুরী একলা হয়ে এখন কুত্তার মতো ঘেউ ঘেউ করতেছে 
Political Hate	সামনে জুতা পেটা অপেক্ষা করতেছে মাহি । 
Political Hate	আওমীলিগ আর কতো অভিনয় করবি মাদার চোদ্দ আওমীলিগ 
Political Hate	খানকির পোলার সরকারের দালালরা তোদের এখন এগুলা ছাডা আর কোন কাজ নাই 
Political Hate	মান্নাদের আসল উদ্দেশ্য ফাঁস করে দিসে নতুন প্রজন্মের মাহী চৌধুরী.. 
Political Hate	মাহি মার্কায় ১৫০আসন চাই । এখন বেশি করে খা 
Political Hate	বি চৌধুরীর নাম নিশানা ডুবিয়ে দিতে মা চৌধুরী যথেষ্ট । 
Political Hate	এইসব ঐক্যধারীরা বাংলাদেশের একটা ওয়ার্ডের চৌকিদার হওয়ারো যোগ্যতা রাখে না । 
Political Hate	মাহি কি বাংলাদেশের চ্যাটের বাল যে তাকে ছাড়া ঐক্য হবে না
Political Hate	এই জোট চাইনিজ মালের মতো যেকোনো সময় রং চলে যেতে পারে 
Political Hate	মাহী নিজেকে বড় আব্দুল্লাহ্ মনে করে । নিজের ভোট নাই ১০ টা 
Political Hate	বাপ-বেটা নিজেদের বাদ দেয়াকে রাষ্ট্রবিরোধী ষড়যন্ত্র বলছে । নিজেদেরই রাষ্ট্র মনে করে নাকি? 
Political Hate	বাল চৌধুরী এতো কথা বলে ক্যান! সরকারের দালাল 
Political Hate	ওদের কে বাংলার মুসলমান মরলেও জানাজা দিবেনা ওরা মুনাফেক । 
Political Hate	মাহি বাজেচৌধুরী.ফালতু লোক মাহি । 
Political Hate	মাহী সে মানুষ টা বেশী ভাল না । 
Political Hate	মাহি কে আরো আগে বাদ দেয়া দরকার ছিল সালা খেলপ 
Political Hate	মাহি তুই খানকির পোলা তোর বাপ মাগির পোলা শালা দালাল 
Political Hate	কিরে খানকির পোলা এই কথাগুলোর মধ্যে রাষ্ট্র বিরোধী ষড়যন্ত্র কই বলছে, তোর মার ভোদা বেশ্যা মাগীর পোলা 
Political Hate	মাহি ও বি চৌধুরী কাদাপানিতে আটকে গেছেন । 
Political Hate	তোমরা কোন দেশে থাকো,কথা কথা ষড়যন্ত্র খুজো,কি বাল আছে তোমার দেশে 
Political Hate	বদরুচ্ছুদা আর মাহী বাল চৌধুরী, একটা বেইমান জাতীয় বাইমান 
Political Hate	দালাল কোথাকার তর য দি লজ্জা থা কে ঐক্যের বেপা রে একটা কথা বল বি না । 
Political Hate	মান্নার ফাঁসানোর মতো কি আছে এখানে? বলদার বলদা
Political Hate	মাহি ছৌঃ পরিবার বাটপার । 
Political Hate	বলদ! নিজেরে নওয়াবজাদা সলিমুল্লাহ মনে করে!
Political Hate	জামায়াতের একটা কর্মীর জ্ঞান নাই যার মধ্যে সে নাকি বি এন পিকে জামায়াত ত্যাগ করতে বলে । 
Political Hate	মাহি কি অরজিনলী বি চৌধুরীর ছেলে?জন্ম নিয়ে সন্দেহ আছে । 
Political Hate	দেশের মানুষ একদলের শাসনে অতিষ্ট হয়ে গেছে আর বেশ্যের ছেলে ব্যবসা ঠিক রাখার জন্যি সরকারের সাথে আতাত করে হিয়ালী চুদাচ্ছে 
Political Hate	তুদের কারনেই জামায়াত আজ সাধারাণ মানুষের প্রিয় দলে পরিনত হয়েছে । প্রমান চাইলে নিরপেক্ষ নির্বাচন দিয়ে দেখতে পারিস । 
Political Hate	কিরে রনি,তুই কি মাহির ও ছাত্র হওয়ার যোগ্যতা রাখিস না?
Political Hate	এটি তুই কি বুঝে শুনে বলেছিস,না মাল পানি খেয়ে বলেছিস । 
Political Hate	রনি সাহেব বলছিল,আওয়ামীলীগ কে জুতা দিয়া মারলে ও মান সন্মান যায় না এখন দেখি,তার তাও যায় না 
Political Hate	মন্জু চোরের পুলা পার্থ বিয়াদপ
Political Hate	পার্থ সালার পুত হলো হাসিনার বড় দালাল, পার্থ কে বিএনপির যোট থেকে বাদ দেওয়া হক 
Political Hate	রনি মাদারচোদ টাইপ লোক 
Political Hate	বিএনপি এখন পাগল হয়ে গেচে 
Political Hate	তুই কয়টা ভোট পাবি রে বিএনপি এর সাথে না থাকলে । তর মত বোয়াদব নাই পাথ । 
Political Hate	পার্থ্য খানকির পোলা 
Political Hate	পার্থ্য একটা বেইশ্যা মাগীর পোলা
Political Hate	কথা গুলো দুদু মাদারচুদেরে সুনান 
Political Hate	বি ন পি র পাগলদের এবার বুদ্ধি হবে
Political Hate	ডঃ কামাল হোসেন ভারতের দালাল হয়ে বিএনপিকে ধ্বংস করতে এসেছে । 
Political Hate	কামাল সাহেব তো বুরা হয়ে গেছে ঠিক মত কথা বলতে পারেনা সে কি করে দেশ চালাবে । । বুজিনা । । 
Political Hate	শালা চোর এর বাচ্চারা 
Political Hate	বিএনপি কামালের পা চাটতে গেছে যেনো আইনের লড়াই করে খালেদা জিয়া কে বের করে 
Political Hate	পাগল একটা, সালা জিয়ার গুনগান কর, 
Political Hate	মাকালফল খেতে কোন স্বাদ নাই...আপনি একটা মাকালফল! 
Political Hate	বাংলাদেশি জাতীয় বাটপার । 
Political Hate	এই ঐক্য চোর আর শতানের ঐক্য 
Political Hate	শালা মাদার ছুদ তুই একটা জারজ 
Political Hate	অত্যাচারের সীমানা ছাড়িয়ে গেছে আওয়ামীলীগ পতন হতেই হবে উপায় নাই । 
Political Hate	কুত্তা লীগের পতন চাই 
Political Hate	হাছিনা স্বৈরাচার মুক্ত বাংলাদেশ ছাই নিরপক্ষে নির্বাচন ছাই
Political Hate	হাসিনার পতন চাই,সৌর হাসিনার কুত্তালীগ বাংলার মাঠিতে আমরা আর চাই না,!!!! 
Political Hate	মাঠে সালার পুতেরা । কুত্তার মত পিডামু 
Political Hate	সালার পুতেরা তোদের দৌড়ায় দৌড়ায় পিঠা, সব ঠিক হয়ে যাবে । 
Political Hate	আচুদার গুষ্টি বিম্পি! 
Political Hate	একদম ঠিক বলছে মূর্খ নেত্রী খালেদা জিয়াকে দেখতে চাই না 
Political Hate	জারজ মানেই বিএনপি
Political Hate	বি এন পি, দলটি পুরায় অশিখিতো শালার শালারা
Political Hate	কুত্তালিগের এনি একজন কুকুরের বংশধর কুকুরের বাচ্চা কুকুর
Political Hate	হালারা সব মাতাল সমাজটাকে নষ্ট করে পেলছে । 
Political Hate	বিয়েনপি আসলেই একটা পাগলের দল 
Political Hate	গুন্ডা পান্ডা পাগল ছাগল দিয়ে দেশটা বরবাদ করে দিচে শালারা 
Political Hate	বর্তমান সরকার কোন সরকারেই না??জারত সন্তান যে রকম, সেই রকম ও বর্তমান সরকার?? 
Political Hate	শেখ মুজিব না থাকলে, দেশ স্বাধীন না হলে জিয়া তোর মা আর তোর মত কুত্তারে স্বীকার করত না
Political Hate	তোর মা তো যুদ্ধের সময় পাকস্তানে ভালোই আরাম আয়েশ করেছে । 
Political Hate	ওটা নাকি দেশ নায়ক লন্ডনে বসে সালা চুর 
Political Hate	এই কুত্তার বাচ্চা ক্ষমতায় আসলে দেশের ইতিহাস নষ্ট করে ফেলবে
Political Hate	এ মাগির পুলা তুই চুর কিসের দেশ নায়ক তুর মারে চুদল পাকিছতানিরা তুইআবার বড় বড় কথা বলিস
Political Hate	তুই মরলে দেশে সানতি আসবে
Political Hate	কুত্তার বাচ্চা তোর মুখের ভাষা ঠিক কর । তারেক কি বলবে কি বুঝবে । তুই শালা বাটপার । 
Political Hate	তোর মত ছাগলে কথা বাঙ্গালী এখন আর বিশ্বাস করে না রে 
Political Hate	খানকির বাচ্চা তারেক জিয়া।
Political Hate	তারেক আসলে বেয়াদব । 
Political Hate	রাজনীতি বিদ হওয়ার জোগ্যতা এই বকাচোদার কোন দিন আসতে পারেনা । 
Political Hate	এই হবে গদফাদার সন্ত্রাসি ক্রিমিনাল যার কথা আর বডিলেংগুয়েজ দেখলে বুঝা যাবে ভবিষতে কত বড় ক্রিমিনাল হবে । 
Political Hate	তারেকের মোখের ভাষা ঠিক নাই একটা সন্ত্রাসীর খুনির চাঁদা বাজ দের গটপাদার । 
Political Hate	শালা শুয়োরের বাচ্চার অবস্থা দেখ, খানকির পুত জারজ সন্তান, তর মা ধর্ষিতা ও মূর্খ তুই ও মূর্খ বেয়াদবের বাচ্চা বেয়াদব । 
Political Hate	শেখ হাসিনা রাজাকারের বচ্চা তুর বোদা পাটামু মাগি চোইদ্দা তোর মাগিবাজ মজিবের কানডে রাইখা..... পরে জয় রে দিয়া তোর বোদা চাটামু...আর তুর কুত্তা লীগ তুরে চাইট্টা খাইবো
Political Hate	তারেক তোর মারে আর বাংঙালি এবং পাকিসতানি দিয়া আর চোদা খাওয়াইচ না । 
Political Hate	হাইরে পাকিস্তানের বিজ একটু সম্মান দিয়া কথা বল, তর মা পাকিস্তানের দাশিকে নিজের মেমে বলে পরিচয় দিছিলো
Political Hate	পোংগা মজিব দেশ সাধীন চায় না বাইনচোদ ছেয়েচে খমতা মজির হলো বাংলার বড় রাজাকা 
Political Hate	কুলাঙ্গার, ইতর,অজ্ঞ, ইতিহাসবিকৃতিকারী এই তারেক । 
Political Hate	শালা মাদার চোদ খান্কির ছেলে 
Political Hate	চোরের বাচ্চা চোর ব্যাটার পুত হলে বাংলাদেশে আইসা বাসন দে
Political Hate	বেয়াদবের বাচ্চা খাম্বা চুরের বাচ্চা 
Political Hate	তোর মা ভালো না তুই আর কতটুক ভালো হবে শালা 
Political Hate	শেখ হাসিনা কি বলছে সেটা নিয়ে মাথা না ঘামিয়ে, নিজের কারাদন্ড নিয়ে মাথা ঘামা । হালা পাগল । 
Political Hate	এ হচ্ছে দেশ চুর, মাদারচুদ কানকির পুলা জারজ চুরের মার ভর গলা । 
Political Hate	দেশে গেলেই তোকে ফাসি দিবে, মাদারচুদ, চুরের মত লন্ডনে বসে আছিস কেন সাহস থাকলে দেশে আয় । 
Political Hate	তুই তারেক, বাংলায় আয়, তোর দলের লোক রাই তোরে, পায়ার ইসকটে দিবে 
Political Hate	তোর মা পাকিস্তানের সেনাবাহিনীর সঙ্গে বসবাস করত শেখ মুজিবর তোর মাকে তোর বাপের হাতে ফিরে দিয়েছে এটা কি তোমার জানার কথা নয়????
Political Hate	তুই তো একটা দেশের কুলঙ্গার আর যারে নিয়ে তুই কথা বলছিস সে তার বাপের ও বাপ 
Political Hate	জেসালারা তারেকে গালি দেয় তারা সালারা বাপ চারা 
Political Hate	শালা তুইত বড় একটা চুর 
Political Hate	হাছিনার শিক্ষা বেশি তাই হাজার হাজার মানুষ খুন করেছেন এমন শিক্ষার দরকার নাই 
Political Hate	বোকা চোদা আওয়ামীলীগ শিখিত নয় বি এন পি জাতির কাছে শিক্ষিত । 
Political Hate	শেখ হাসিনাকে জুতা মারবে জনগন । 
Political Hate	কুক্তালিগ মাগির পোলা 
Political Hate	সেখ মুজিব একটা গ্রেট মাদারচোদ, সেখ হাসিনা একটা কুততার বাচচা, আর জয় ও পুতুল হল কুততার নাতি । 
Political Hate	ভাই কুত্তালিগের দালালি ছারেন সত্তকে প্রকাশ করেন জাতির জনক হল জিয়াউর রহমান 
Political Hate	শেখ মুজিব ফেরাউনের বংধর 
Political Hate	তুই শালা আওয়ামীলীগ দালাল 
Political Hate	এসব মহিলার রাজনিতির নামে নিজেগ দেহ বিলাবার জন রাসতায় নামে বেসরমা 
Political Hate	রাষ্ট্র স্বাধীন না হতেই জিয়া প্রেসিডেন্ট! হায়রে মূর্খের দল । 
Political Hate	খুনী জিয়া যদি নামরত তবে বাংলার সবাধীনতা থাকতনা । 
Political Hate	মজিব একজন স্বার্থপর । ও প্রধাণমন্ত্রী হওয়ার জন্য সব করছে
Political Hate	জিয়া একটা কুওার বাচ্চা মাদার চোদ 
Political Hate	পার্থ সাহেবের সাথে কথা বলার মতো কুত্তালীগে কেও নাই?
Political Hate	পাথ একটা বেয়াদব বাপরে আগে বালফালায়
Political Hate	পার্থ রহমান পুরোপুরি বি এন পির দালাল হয়ে গিয়াছে । 
Political Hate	আওয়ামিলিগ খুনি গুম দরষন কারি । 
Political Hate	হাসিনা আসার পর উন্নতি হয়েছে মন্তীদের পুরূষ অঙ্গ যেমন রেল মন্তী ৬৫ বছর পর ভিবাহ করালেন হাসিনা । 
Political Hate	অাওয়ামিলীগ অাচার খাইলেও কোন দিন শিকার করনা, এটা হলো চাপাবাজ অাওয়ামিলীগের নিতি
Political Hate	আন্দালিব ভাই এই শালারা সব আওয়ামী লীগের চামচা পা-চাটা কুকুর 
Political Hate	পার্থ হচ্ছে একজন চোরের ছেলে চোর । 
Political Hate	আপনারা মামা ভাগ্নে আপনারা ঠিকই আছেন দেশের জনগণের গোয়া মারা সারা
Political Hate	এই কুকুরের বাচ্ছা পার্থ একটা বেয়াদব, এ কে জুতা দিয়ে পিটানো দরকার, শুয়োরের বাচ্ছা । 
Political Hate	আন্ডালিব যে একটা শুয়োরের বাচ্চা ছাড়া আর কিছু না । 
Political Hate	পাঁচ বার দুর্নীতিতে বিশ্ব চ্যাম্পিয়ন বিম্পির দালাল পার্থ ( চোরের বেটা) 
Political Hate	আর কত অপমানিত হলে টকশো তে আসা বন্ধ করে দিবি আওয়ামী রেজা । 
Political Hate	আন্দালিব ভাই , এই মাগীর পুতেরা কিসু জানে না . সালারা বুড়া ভাম
Political Hate	আওয়ামী মানে ভারতের চামচা । আর হাসিনা হল ভারতের বউ । 
Political Hate	তোদের সকল বিবেক বিসর্জন দিয়ে ই তোরা বিবশ্র লীগয়েই পরিনত হয়ে চিছ শালা শালা ভাদা,! 
Political Normal	ঐক্যফ্রন্টের নেতারা সিলেটে মাজার জিয়ারত করতে যেতে পারেন।
Political Normal	নির্বাচনের আগে সিলেটে মাজার জিয়ারত করার একটা ট্র্যাডিশন (ঐতিহ্য) রয়েছে। 
Political Normal	জনগণের সঙ্গে কোনো সম্পৃক্ততা নেই বলেই বিদেশিদের নিয়ে ঐক্যফ্রন্ট বসেছে।
Political Normal	ঐক্যফ্রন্ট গঠন করে তারা প্রথমেই বিদেশিদের কাছে  গেছে, দেশের জনগণের কাছে তো যায়নি।
Political Normal	এরশাদ সাহেব তো পার্টির চেয়ারম্যান হিসেবে বক্তব্য রাখতে পারেন।
Political Normal	উনি তো আর ওনার পার্টিকে আওয়ামী লীগে দিয়ে দেননি।
Political Normal	এরশাদ সাহেব আমাদের সঙ্গে জোটগতভাবে নির্বাচন করতে পারেন, আবার না–ও করতে পারেন। 
Political Normal	ভাঙনের প্রক্রিয়ায় আমাদের অংশ নেওয়ার কিছু নেই। 
Political Normal	সবাইকে সতর্ক দৃষ্টি রাখতে হবে।
Political Normal	সবাইকে অতন্দ্র প্রহরীর মতো ষড়যন্ত্রের বিরুদ্ধে সজাগ থাকতে হবে।
Political Normal	কোনো নীতিমালা বা প্রজ্ঞাপন জারি না করে নির্বাচনের আগে এভাবে বন্দীদের মুক্তি দেওয়া হলে তা নিয়ে প্রশ্ন ওঠাটাই স্বাভাবিক।: নূর খান
Political Normal	সবচেয়ে বড় কারণ হচ্ছে কারাগারে বন্দীর চাপ কমানো।
Political Normal	বিচারাধীন মামলার এসব আসামির মুক্তির উদ্যোগ নেওয়া হয়েছে। 
Political Normal	সরকারের এ ধরনের উদ্যোগের ফলে জনমনে যেন বিচারব্যবস্থা নিয়ে আস্থাহীনতার পরিবেশ তৈরি না হয়, তা খেয়াল রাখতে হবে।
Political Normal	জনগণ ভাববে সরকার রাজনৈতিক বা অন্যায় উদ্দেশ্যে এসব করছে।
Political Normal	ব্যান্ড সংগীতকে আইয়ুব বাচ্চু এক অনন্য পর্যায়ে নিয়ে গেছেন।
Political Normal	আমরা জানি প্রতিটি কনসার্ট তিনি জাতীয় সংগীতের মাধ্যমে শুরু করতেন।
Political Normal	মাদকমুক্ত সমাজ ও নারীর প্রতি সহিংসতা রোধে তিনি ছিলেন একজন বলিষ্ঠ সংগীত যোদ্ধা। 
Political Normal	স্বাধীনতাবিরোধী শক্তি বারবার দেশের গণতান্ত্রিক অগ্রগতি ও উন্নয়ন ব্যাহত করার চেষ্টা চালাচ্ছে।
Political Normal	দুর্গাপূজা শুধু ধর্মীয় উৎসবই নয়, এটি একটি সামাজিক উৎসবও, যা সব জনগণের মধ্যে ঐক্যের সেতুবন্ধ গড়ে তোলে।
Political Normal	নির্বাচন কমিশনের একজন কমিশনার প্রকাশ্য বলেছেন, সুষ্ঠু নির্বাচনের জন্য তাঁর দেওয়া প্রস্তাবগুলো বিবেচনা করা হচ্ছে না। 
Political Normal	নির্বাচন কমিশন কিন্তু একটিই থাকতে হবে। 
Political Normal	কিন্তু এখানে (ইসি) যে সংকটের সৃষ্টি হয়েছে, এই সংকটটাই হচ্ছে রাষ্ট্রের সংকট।
Political Normal	যদি করে, তাহলে তাঁরা সংবিধানের বিরুদ্ধে কাজ করবে, জনগণের কাছে যে শপথ নিয়েছে, সেই শপথের বাইরে চলে যাবে।
Political Normal	নিঃসন্দেহে একটি অপরাধ হবে, রাষ্ট্রদ্রোহিতার অপরাধ।
Political Normal	সংবিধানে বলা আছে, নির্বাচনের সময় সব মন্ত্রণালয় ইসির অধীনে থাকবে। 
Political Normal	যখন যাকে ইচ্ছা, তাকে নিতে পারবে এবং প্রয়োজনে যাকে ইচ্ছা তাকে বদলি করতে পারবে। 
Political Normal	কিন্তু পুরোটাই নির্ভর করছে সরকারি কর্মকর্তা ও সরকারের ওপর।
Political Normal	আমরা ইসিতে গিয়ে বলেছিলাম, নির্বাচনের আগে সব রাজনৈতিক দলের সঙ্গে আলোচনা করুন।
Political Normal	আলোচনা করে কীভাবে সুষ্ঠু নির্বাচন করা যায়, সেই ব্যবস্থা করুন।
Political Normal	সিইসি বলেন তাঁর কোনো এখতিয়ার নেই।
Political Normal	গোটা দেশের মানুষ আজ ঐক্যবদ্ধ। 
Political Normal	তারা এই সরকারের পরিবর্তন চায়।
Political Normal	নির্বাচন অবশ্যই সবার কাছে অংশগ্রহণমূলক, নিরপেক্ষ ও গ্রহণযোগ্য হতে হবে।
Political Normal	বিরোধী দল কথা বলতে গেলেই রাষ্ট্রদ্রোহিতা হয়।
Political Normal	এসব না করে দয়া করে সোজা রাস্তায় আসুন। খালেদা জিয়াকে মুক্তি দিন।
Political Normal	কীভাবে একটি সুষ্ঠু নির্বাচন হবে, তার পথ বের করুন। 
Political Normal	বিএনপিকে যদি সমাবেশ করতে দেওয়া হতো, তাহলে এর চেয়ে ২০ গুণ বেশি লোক সমাগম হতো, মিছিল হতো।
Political Normal	জাতীয় পার্টি, চরমোনাই পীর সাহেবকে অনুমতি দেওয়া হয়, বিএনপি সভা করতে চায়, কিন্তু দেওয়া হয় না।
Political Normal	ঐক্যফ্রন্টের মাধ্যমে সরকারকে বাধ্য করা হবে সংলাপে বসতে। 
Political Normal	সরকারকে বাধ্য করা হবে একটি নিরপেক্ষ সরকারের অধীনে নির্বাচন করতে। 
Political Normal	রাষ্ট্র ক্ষমতায় গেলে সাত দিনের মধ্যে সম্প্রচার আইন ও ডিজিটাল নিরাপত্তা আইন বাতিল করবে বিএনপি।
Political Normal	নির্বাচন নিয়ে এখন অনেক সংশয় রয়েছে। 
Political Normal	নির্বাচন কখন হবে জানি না
Political Normal	একটি দল ৭ দফা দিয়েছে (জাতীয় ঐক্যফ্রন্ট)। সরকার তা মানতে রাজি নয়।
Political Normal	বর্তমান সংবিধান অনুযায়ী মানা সম্ভব নয়। এ অবস্থার মধ্যে আগামী দিনগুলো স্বচ্ছ দিন বলে মনে হয় না আমার।
Political Normal	আমরা জোটগতভাবে ৩০০ আসনে নির্বাচনের প্রস্তুতি গ্রহণ করছি।
Political Normal	তবে দেশের স্বার্থে নতুন মেরুকরণ হতে পারে। 
Political Normal	বর্তমান সংসদে যারা আছে, সব দলের সমন্বয়ে সরকার গঠন করতে হবে। 
Political Normal	এরশাদ বলেন, নতুন করে ১৮ দফা প্রণয়ন করেছি।  
Political Normal	এটাই জাতির ও জাতীয় পার্টির একমাত্র মুক্তির পথ।  
Political Normal	এ মাসের মধ্যেই জাতীয় পার্টির পার্লামেন্টারি বোর্ড গঠন হবে। প্রার্থী মনোনয়ন চূড়ান্ত করা হবে। 
Political Normal	দলের চেয়ে প্রার্থীর যোগ্যতা বেশি হতে হবে। 
Political Normal	যেভাবেই হোক, জাতীয় পার্টিকে সংগঠিত করতে হবে। 
Political Normal	ক্ষমতায় যাওয়ার জন্য যা যা করা দরকার, তা করতে হবে। 
Political Normal	আমাদের ক্ষমতায় যেতেই হবে। 
Political Normal	এবার ইনশা আল্লাহ ক্ষমতায় যাবই যাব। 
Political Normal	তিনি যে আমাদের স্বাধীন করে দিয়ে গেছেন তা-ই নয়, বিশ্বে একটি মর্যাদাপূর্ণ জাতি হিসেবে গড়ে ওঠার জন্য বিভিন্ন দেশে আমাদের নিজেদের জায়গায় নিজস্ব দূতাবাস হবে, সে প্রক্রিয়াটিও শুরু করে যান। 
Political Normal	আমাদের নিজস্ব দূতাবাস ভবনটি আজকে উদ্বোধনের সময় আমার বারবারই মনে পড়ছিল আজ যদি জাতির পিতা বেঁচে থাকতেন তাহলে বহু আগেই বাংলাদেশ বিশ্বে একটি মর্যাদার আসনে অধিষ্ঠিত হতো। 
Political Normal	৯৬ সালে সরকার গঠনের পরই বিশ্বের বিভিন্ন দেশে দূতাবাস স্থাপনে তাঁর সরকার কাজ শুরু করে এবং ওয়াশিংটন ও দিল্লিতে ভবন স্থাপন করলেও অস্ট্রেলিয়াসহ অন্যান্য দেশে এই কাজ পরবর্তী বিএনপি-জামায়াত সরকার বন্ধ করে দেয়। 
Political Normal	এই চ্যান্সেরি ভবনটা যখন তৈরি করা হয় তখনই আমার নির্দেশনা ছিল, এখানে যাঁরা সেবা নিতে আসবেন সেদিকে লক্ষ্য রেখে বন্দোবস্ত রাখার। 
Political Normal	দেশের ডিজিটালাইজেশনের সুফল এখন প্রত্যন্ত অঞ্চলের জনগণের মতো প্রবাসীরাও পাচ্ছেন। 
Political Normal	দেশকে উন্নয়নের যে কাজটা করার দরকার ছিল, আমরা তা করেছি এবং বাংলাদেশ উন্নয়নের মহাসড়কে যাত্রা শুরু করেছে এবং এই অগ্রযাত্রা কেউ থামাতে পারবে না বলে আমি বিশ্বাস করি এবং এই দায়িত্বটা আপনাদের সকলেরও থাকল। 
Political Normal	এখন নিজস্ব বিমানেই তাঁরা দেশে যাতায়াত করতে পারবেন। 
Political Normal	বাংলাদেশে 10বসরের জন্য জামাত ইসলাম সরকার ক্ষমতা আসা দরকার, 
Political Normal	মাহি চেয়েছিল কথার পেচে মান্নাভাইকে দিয়ে রাষ্ট দ্রোহি কথাবলানো যায়কিনা।
Political Normal	এইটা ফাঁশ করে মাহি কি বুঝাইলো আল্লহ জানে!
Political Normal	আগে জমাত ভাল ছিল । এখন কেন খারাপ হল । জাতি যান চাই । 
Political Normal	সরি মাহি বি চৌধুরী সত্য কথা বলেছেন
Political Normal	ঐক্য নামে দেশের ভিতরে রাষ্ট্রের চক্রান্ত করা হচ্ছে এটাই বাস্তব
Political Normal	আবারো আমরা দেখতে পেলাম ভালো মানুষের দেশে জায়গা নাই
Political Normal	যতটুকু বুঝা গেলো আসলে মাহী সাহেব নিজেই চক্রান্তের স্বীকার হয়েগেছে 
Political Normal	রনি ভাই আসলে এবাভে তেল মারলে হবে না 
Political Normal	রনি ইস পারফেক্ট!! পার্থ এর আপন ভাই শান্ত ভোলা ২ থেকে নৌকা প্রতীক নিয়ে নির্বাচন করবে!! 
Political Normal	রনি ভাই আওমীলীগ নিয়ে আপনি কথা বলেছেন এর আগে
Political Normal	পার্থ সাহেবের কথা শুধুই উনার, উনি বি এন পি কে কখনোই প্রতিনিধিত্ব করেন না।
Political Normal	রনি ভাই আপনার সাথে এদেশের লক্ষ কোটি প্রগতি শীল মানুষ আছে। 
Political Normal	যারা এদেশের মাটি ও মানুষকে ভালবাসে। যারা এদেশের ভাষা ও সংস্কৃতিকে ভাল বাসে তারা আপনার পাশে আছে।
Political Normal	আওয়ামীলীগের নেতারা আপনাকে না চিনলেও তৃণমূল আওয়ামীলীগ আপনার সাথে আছে। 
Political Normal	আপনী একজন খাটি দেশপ্রেমিক এবং খাটি আওয়ামীলীগ কর্মী। 
Political Normal	সুষ্ঠ ভাবে সকল জনগণকে ভোট দেবার ব্যবস্থা করতে চাইলে অবস্বই সকল দল মতে উদ্ধে উঠে ডিজিটাল বা অনলাইন ভোটের ব্যবস্থা করতে হবে।
Political Normal	খোদ অাওয়া মিলী গের অ নেকেই অাওয়া মিলীগ কে ভোট দে বে না 
Political Normal	জামাতকে বাংলায় নির্বাচন করতে দেওয়া মানে ৩০ লক্ষ শহিদ কে অবমাননা করা 
Political Normal	পার্থ ভাই, আমি যতটুকু বুঝি তাতে মনে কি যে, আপনার কথায় অনেক যুক্তি আছে। 
Political Normal	আসল পলিটিশিয়ান তো উপস্থাপক জিলু ভাই
Political Normal	রনি তো কথা বলতে পারেনা 
Political Normal	ফকরুল কষ্ট করে হজম করলেন ৷
Political Normal	ডঃ কামাল সাহেব বঙ্গবন্ধুর আদর্শ লালন করেন
Political Normal	বিএনপির সাথে ড. কামাল কৌশলগত ঐক্য করছে 
Political Normal	বঙ্গবন্ধুর বিকল্প কোন নেতা বাংলাদেশে এখনো জন্মে নি। 
Political Normal	শেখ মুজিবের কথা এতই বলেন তা হলে জোট করছেন কার সাথে
Political Normal	ডঃ কামাল সাহেব একবার ও জিয়াউর রহমান এর নাম উচ্চারন করেনি,আর সেখানে বসে আছে বিএনপির নেতারা,কি বুঝলেন দেশবাশি৷ 
Political Normal	শ্রধ্বেয় ড. কামাল স্যার আপনি কিভাবে বংগবন্ধুর খুনি চক্র সঙ্গে জোট করলেন?
Political Normal	একটা হলো শেখ হাসিনার আওয়ামীলীগ আর একটা হলো বঙ্গবন্ধুর আদর্শের ডঃ কামালের আওয়ামীলীগ!
Political Normal	ডঃ কামাল আপনাকে হাজার সালাম কুব সুন্দর কথা শিখ্যনিয় কথা 
Political Normal	সাবাস ডা: কামাল হুোসেন। 
Political Normal	কামালের কিচছে শুনে ফখরুলের গা জ্বলছে 
Political Normal	এটা বিএনপির কেমন ঐক্য, আমার বুঝে আসেনা।
Political Normal	বিএনপিকে আমিও সাপট করি কিন্তুু এরকম বক্তৃতায় একবারও জিয়ার নাম উচ্চারণ করলো না।
Political Normal	এর চাইতে লীগের সাথে ঐক্য করলে ভালো হত।
Political Normal	কামাল সাহেবের এতো কথা কেন মুখ বুঝে সহয্য করছে ফকরুল গং রা .
Political Normal	২৩ মিনিটের বক্তব্যে ৫৭ বার বংগ বন্ধুর নাম নিলেন কামাল সাহেব।
Political Normal	সে একজন প্রকৃত আইন প্রনেতা 
Political Normal	অকপটে সত্য বলার জন্য ধন্যবাদ,দাদু 
Political Normal	ডঃ কামাল হোসেন এখন দেখতেছে জোট হইলো না 
Political Normal	আমারদের কে তো উঠে দাঁড়াতে হবে তা না হলে আর ৫ বছর পর আমাদের মরা মুগের সমান দাম দিবে না / তাই তো আমরা এখন যুক্ত মুক্ত ফ্রন্ট নিয়ে ব্যাস্ত।
Political Normal	প্রধান বিষয় হল দলগুলোর মধ্যে কে কত সিট পাবে সে বিষয়ে সমাধান করা উচিত।
Political Normal	যদি বড় দল হিসেবে বি এন পি ১৫১ সিট চায় আপনাদের ঐক্য জনগনের কাজে আসবে না। 
Political Normal	জনগনকে নিয়ে সবাই রাজনীতি করে কিন্ত জনগনের অধিকার কথার মধ্যে সীমাবদ্ধ থাকে।
Political Normal	এবার এ দেশের জনগন আপনাদের কথার বাস্তবায়ন দখতে চায়। 
Political Normal	সাবাশ স্যার বিএনপি কোলে বসে জাতির জনক বংবন্ধুর নাম বার বার বলার জন্য 
Political Normal	সুযোগ দেন আমরা যেন ভোট দিতে পারি 
Political Normal	৮০র দশকের স্বৈরাচারীর পতন ৯১ এ ঘটেছে,
Political Normal	২০০৯ সালের স্বৈরাচারীর পতন ইনশাল্লাহ ২০১৮/১৯ এ ঘটবে।
Political Normal	ঐক্য অনেক বড় এক সাত হয়ে মাঠে নামেন।
Political Normal	সব কিছু পিছু হাটতে বাদ্য হবে। ঐক্যের সামনে সব মাটি।
Political Normal	কামাল সাহেব বেক্তিগত ভাবে সম্মান ক্রি ,কিন্তু আপনার কার্যকলাপ আমিও পছন্দ করিনা ,বাংলার জনগণ আপনার এই সকল কিছু মেনে নিতে পারবে না । 
Political Normal	এগোলো কোন নেতার কথা হতে পারে না 
Political Normal	তারেক রহমান আগামিতে আমরা তোমাকে রাস্ট্রপ্রধান দেখতে চাই 
Political Normal	রিয়েল নেতা- স্যালুট জনাব তারেক রহমান। 
Political Normal	সামনে নির্বাচনে আপনাকে দেশে দেখতে চাই সবাই গুদ r জন্য দোয়া করবেন 
Political Normal	এক জন নেতা হওয়ার জন্য নেতৃত্বের যে গুণাবলি প্রয়োজন তার সব আছে আপনার।
Political Normal	জাতি আপনার মত নেতৃত্ব চায়।
Political Normal	আপনার হাত ধরে আমরা সামনের দিকে এগিয়ে যেতে চাই 
Political Normal	জাতির পিতামহ জিয়াউর রহমানের আদর্শে বিশ্বাসী দেশবাসী 
Political Normal	দেশের গণতন্ত্র একদিননা একদিন আসবেই।
Political Normal	সব কিছুতে বঙ্গবন্ধু পরিবার ও আওয়ামীলীগ এগিয়ে, জয় বাংলা জয় বঙ্গবন্ধু, 
Political Normal	জিয়া জাতির নেতা।আমার কাছে একমাএ জিয়াই নেতা।
Political Normal	জিয়া প্রথম জিয়া শেরা 
Political Normal	শেখ পরিবারের সাথে জিয়া পরিবার কিছুই না জিয়া পরিবার চুর বানায় ছে 
Political Normal	এমন নেতা আর হবেনা, 
Political Normal	তার ভাষণ যত বার কানে আছে ততবার শুধু চোখে পানি চলে আসে। কেমন করে এই বাঙালি এই মহান নেতার সাথে এতো বড় বিশ্বাস ঘাতকতা করতে পারে। 
Political Normal	যতো দিন বাংলাদেশ ও বাঙ্গালী রবে ,ততো দিন তোমাকে কেহু মুছে ফেলতে পারবে না হে পিতা... জয় বাংলা জয় বঙ্গবন্ধু। 
Political Normal	হে পিতা,বাঙ্গালী জাতি আপনার কাছে চিরঋণী। 
Political Normal	আমি প্রধানমন্ত্রীত্ব চাই না,আমরা এদেশের মানুষের মুক্তি চাই। 
Political Normal	বঙ্গবন্ধু ব্যাতীত আর্ন্তজাতিক মহলে বাংলাদেশের কোনো অস্তিত্ব নেই । 
Political Normal	জিয়া বঙ্গবন্ধুর ঘোষণাপত্র রেডিওতো মাত্র পড়ে শুনিয়েছেন। যেমন প্রধান শিক্ষকের নির্দেশে স্কুল দপ্তরি বেল বাজায়।
Political Normal	ভাউ আওয়ামী লীগ নিয়ে কমেন্ট করলে আমিও কি যুদ্ধ অপরাধী হয়ে যাব। 
Political Normal	ব্যারিস্টার আলতা তো রহমান পার্থ উনি একজন অসাধারণ লোক উনার মতন লোক দেশের নেতৃত্ব প্রয়োজন
Political Normal	সেলুট পার্থ ভাই সত্য কথা বলার জন্য 
Political Normal	আন্দালিব রহমান পার্থ খুব বুদ্ধিমান একটা লোক , তার সংলাপ সত্যি অসাধারণ .
Political Normal	আন্দালিব রহমান পার্থ আমাদের ভোলার গর্ব
Political Normal	সে একজন মেধাবী নেতা অনাকে কথা দিয়ে আটকানো এতো সহয নয়
Political Normal	পার্থ ভাইয়া আমার একজন প্রিয় ব্যাক্তিত্ব 
Political Normal	অাওয়ামিলীগ ক্ষমতায় এসে কিছু দিক দিয়ে উন্নত হয়েছে
Political Normal	আন্দালিব রহমান পার্থ কে বাংলাদেশের প্রধানমন্ত্রী হিসেবে দেখতে চাই 
Political Normal	আন্দালিব রহমান পার্থ বাংলার বারুদ 
Political Normal	সাবাশ! আন্দালিব পার্থ ভাই।
Political Normal	তারা মানুষের প্রতি এতই আস্থা রাখে জনগণ তাদের সাথেই আছে তাহলে নিরপক্ষ নির্বাচন দিলে তাদের এত ভয় কেন 
Political Normal	দেশে এত উন্নয়ন দেশে এত কাজ তাহলে নিরপেক্ষ সরকার দিলে তাদের ভয় কেন
Political Normal	পার্থ বেশি বাড়িয়ে যাচ্ছে মনে হয়।
Political Normal	পার্থ কি বাংলাদেশে আইনকে কি মানে না
Political Normal	বাংলাদেশের আইনকে এ ভাবে পার্থ অপমান করতে পারে না
Political Normal	এটা কি সরকার দেখছেনা,তাকে ও বিচারে আওয়তায় আনা দরকার 
Political Normal	পার্থের সাথে তারেকের অনেক ভালো সম্পর্ক আছে ঠিক তা মানলাম কিন্তু ২১ আগষ্টের ঘঠনায় যে তারেক জড়িত তা দিনের আলোর মত পরিষ্কার
Political Normal	রহমান পার্থের মত যদি বাংলাদেশ প্রত্যেকটা নেতাকর্মী হত তাহলে বাংলাদেশের এমন অবস্থা দেখতে হয় না
Political Normal	আন্দালিব পার্থ স্যার বাংলার ফাটা কেস্ট,
Political Normal	বিশ্ব ব্যাংকের রিপোর্ট অনুযায়ী ২ কোটি ৪৪ লক্ষ মানুষ চরম দ্রারিদ্র সীমার নিচে বাস করে, তাহলে উন্নয়ন কোথায় ? 
Political Normal	ধন্যবাদ আন্দালিব রহমান পার্থ এভাবে আওয়ামিলীগকে বাংলাওয়াশ করার জন্য। 
Political Normal	হা-হা-হা- বেচারা আন্দালিব রহমান পার্থ'র সামনে একেবারে লেজে গোবরে অবস্থা!
Political Normal	পার্থ ভাইকে তার সরাসরি স্পষ্ট কথা বলার জন্য ভাল লাগে।
Political Normal	আশা করি কোন একদিন উনি দেশ পরিচালনার ক্ষেত্রে বড় ভূমিকা রাখার সুযোগ পাবেন।
Political Normal	পার্থ ভাইয়ের লেকচারের যুক্তি আছে আর আওয়ামী লীগের নেতা না জেনে ঢিল ছুড়ে
Political Normal	পার্থভাই, আমার ভোলার গর্ব 
Political Normal	পার্থ ভাই বেস্ট পলিটিকাল 
Political Normal	বর্তমানে বাংলায় আপনাকে খুবই দরকার । প্রয়োজনে শহিদ হয়ে যাবেন !
Political Normal	আমার বাবা মা আমার আদর্শ, আমার দেশের জনগণ আমার রাজনৈতিক শক্তি। তারেক জিয়া। 
Political Normal	মিথ্যা কথা এতো না বললে কি হয়। বাংলাদেশের মানুষ কখনো বিবস্ত্র ছিলনা। 
Political Normal	আন্দালিব রহমান পার্থ বাংলাদেশে একজনই আছে। শুধু এইটুকু বলবো। 
Political Normal	উন্নতি সব সরকারে জন্য,সাধারণ মানুষের হয়না, 
Political Normal	আমি শুধু বলতে চাই মুজিব এর পরে এক মাত্র যোগ্য নেতা পার্থ যদি ও দুই জন দুই দলের 
Political Normal	আন্দালিব রহমান পার্থ ভাই আমাদের জীবনের আদর্শ স্বরূপ 
Political Normal	পার্থ কে প্রধানমন্ত্রী চাই। সে অসাধারন 
Political Normal	হেরেছে গণমানুষের চাওয়া জিতেছে হাসিনা এটা একটি খারাপ দিক বাংলাদেশের জন্য 
Political Normal	আমাদের ভোটের ক্ষমতা চাই। নির্বাচনে ভোট ছাড়া কেউ সরকার না হয়। 
Political Normal	হারিয়ে গিয়ে আওয়ামিলীগ অনেক কথা বলতেছে। 
Political Normal	এতদিন সরকারের পখখে রায় দিলে উনি ছিল মুক্তি যুদ্ধা আর একটা সঠিক রায়ের কারণে সেহল রাজাকার
Political Normal	অন্যকেউ পধান বিচারপতিকে কুটকতি করলে আদালত অবমাননা হয় আর আওয়ামীলিগ অশলিল বক্তব্য দিলে আদালত অবমাননা হয়না
Political Normal	প্রভু মনে করে বিচারপতি নিয়োগ দিয়েছিলাম এখন তিনি ভুতে পরিনত হয়েছেন।(যুবলীগ সভাপতি) 
Political Normal	২০১৮ সালের ৯ ই জুলাই ।এই সময়টাতে দাঁড়িয়ে দেখছি , সুরেন্দ্র কুমার সিনহা দেশত্যাগে বাধ্য হয়েছেন ,এবং তার বিরুদ্ধে নানা অভিযোগ এনে প্রধান বিচারপতি পদে ফিরে আসার সম্ভাবনা পুরোটাই শুণ্য ।
Political Normal	বিচার বিভাগ নিয়ে টানাটানি কেন।সাধারন মানুষ বুঝতে পার আওয়ামীলীগ ন্যায় বিচারের পরিপন্থী। 
Political Normal	আওয়ামীলীগ এর আইন সম্পাদক যে বলছে তারা বিচারপতি সিনহাকে কিছুই করবেনা, শুধু আইনের লড়াই করবে
Political Normal	রাজাকার দের নিয়ে রাজনীতি ছেড়ে মুক্তিযোদ্ধাদের সঙ্গে কাজ করলে বিএনপি খমতায় আসার সম্ভাবনা রয়েছে। 
Political Normal	আওয়ামীলীগকে ব্যাখ্যা দেওয়ার জন্য খুঁজে পাওয়া যাবে না
Political Normal	স্বাধীন এই দেশে এখনো এর সঠিক বিচার হয়নি। আল্লাহ যদি থেকে থাকে ৪৫০ জন সেনা বাহিনী হত্যার বিচার হবে এই বাংলায় ইনশাআল্লা
Political Normal	পিলখানা হত্যাকাণ্ডে যাদেরকে মারা হয়েছে তারা শুধু আর্মি অফিসার নয় তারা হচ্ছে বাঙালী জাতির মেরুদণ্ড
Political Normal	পিলখানা হত্যাকাণ্ডে অফিসারদের ফ্যামিলিকে সরকার ও ব্যাংক ও অন্যান্য সবাই যে অাথির্ক সাপোর্ট দিয়েছে তা নৈতিকভাবে সমথর্নযোগ্য।
Political Normal	সবকিছুর শুরু এবং শেষ আছে এর জবাব একদিন দিতেই হবে 
Political Normal	হত্যাকান্ডের যথাযথ বিচার হওয়া উচিত।
Political Normal	ইতিহাসের সাক্ষি দেবে এই সরকারের রনখেত্রকে
Political Normal	সরকার বেশী বারাবারি করতেছে। 
Political Normal	আওয়ামিলীগকে একবার ভোটদিয়ে ভুল করেছি।
Political Normal	পুলিশের এই অতি বারাবারি খুবই অন্যায়। এর জাবাবও একদিন দিতে হবে ইনশাআল্লাহ। 
Political Normal	এসব কাজ একেবারে ঠিক নয়,পুলিশদের বুজার দরকার ছিল যে তাদের ও মা,বোন, ভাই আছে
Political Normal	পরবর্তী পাঁচ বছরের জন্য পুনরায় আওয়ামী লীগকে নির্বাচিত করতে হবে দেশের ও দশের কল্যাণের কথা চিন্তা করে। 
Political Normal	এখন কর্মের ফল ভুগ করতেছে বি এন পি।
Political Normal	আওয়ামীলীগ সরকার পূলিশের মারমুখী আচরণে আমরা সবাই তাঁর তীব্র নিন্দা ধিক্কার জানাই
Political Normal	অবিলম্বে বন্ধ হউক প্রতিহিংসার প্রতিশোধের দাবানল 
Political Normal	মেয়েদের নিরাপদ রাজনিতি করতেও দেয় না এই সরকার 
Political Normal	রাজনিতির এই আভিনয় কত দিন দেখতে হবে। 
Religious Hate	আল্লাহ তো ঘরে ঘরে চুদানোর কথা বলেছে নবী তো বড়ো মাদারচোদ আল্লা চুদিরা তোরা তো নীজের বোনরে চুদিস 
Religious Hate	মালাউনদের এই অধপতনে আমরা খুশি 
Religious Hate	মালুরা গ মুত খেয়ে তাদের মাথার তার নষ্ট হয়ে গেচে 
Religious Hate	হায়রে মালু আরো কতকিছু করবি তোরা তারাতারি গজব আসবে মনে হয় তোদের উপর 
Religious Hate	হযরত গৌতম বৌদ্ধ ? হা হা হা হা হা !! তুরা কি গরু না ছাগল রে কাদিয়ানীর বাচ্চারা !!
Religious Hate	ওই শালার পোলা মিথ্যে বলিস কেন বুদ্ধ ধর্মের উৎপত্তি কথ সালে আর ইসলাম ধর্মের উৎপত্তি কথ সালে,না জেনে শুনে কথা বলিস কেন ? 
Religious Hate	হযরত বৌদ্ধ? শালা ছাগল!!
Religious Hate	ভন্ড কাদিয়ানী থেকে সাবধান
Religious Hate	বালের পুজা, 
Religious Hate	শিব একটা ধর্ষক ছিল, সে ৬০ হাজার কুমারী মেয়েকে ধর্ষণ করেছিল, তাই শিব লিঙ্গ ধর্ষণের প্রতীক।
Religious Hate	ইন্ডিয়ার হিন্দুরা শুন মুসলিমদের সাথে ভাল ব্যাবহার কর নাইলে কপালে দুঃখ আছে।
Religious Hate	বিশ্বের ইতিহাসে হিন্দুরা ভিতু, তদের কথাতে মুসলিমরা ভয় পায়না।
Religious Hate	মুসলমানদের বসতে দিলে শুতে চায় 
Religious Hate	ইনড়িয়া মুসলিম রাষ্ট ছিল থাকরে-- জারা ইয়াহুদি কাফের হান্দু হয়ে গেল - তাদেরকে মোসসলমান বানাতে হবে
Religious Hate	হিন্দু বা কাফের দের সাতে হাত মিলিয়ে সারা দুনিয়াতে ফেতনা লাগায়ে নিজেরা শেষ হয়ে জাচ্ছে 
Religious Hate	চুদি আৱবেৱ ধমঁ!
Religious Hate	ভারতে মুসলিম আরো বেশি হবে কারণ বড় বড় চোর গুন্ডা নেতা সবাই হিন্দু
Religious Hate	হিন্দুকে কুতার মুতুন চুদছি 
Religious Hate	পৃথিবীর সবথেকে মিথ্যাবাদী ধর্ম হিন্দু 
Religious Hate	শুয়োরের বাচ্চা মুসলিমরা,
Religious Hate	ইসলামে মারে চুদেছে ইসলামে মারে নাভি চুদা ভোদা দুদু ভোদা দুদু চুদি তোদের মাহিলাদের 
Religious Hate	এরা মুসলিম স্টেট এ শুয়োরের মতো মুসলিম শোরের বাছা জম্ম দেবে আর অন্য জাগায় কাফের হত্যায় পাঠাবে । 
Religious Hate	বেদব তুই টয়লেটে পরে মরবি শয়তান কুতথার বাচছা হারামি নবীর দুশমন
Religious Hate	ইসলাম মানে অশান্তি ধর্ম 
Religious Hate	হিন্দু-বৌদ্ধ-খ্রিস্টানদের মধ্যে সমস্যা নেই I অথচ দেখতে পাওয়া যাচ্ছে, মুসলিমরাই কেবল সমস্যা সৃষ্টি করে চলেছে 
Religious Hate	হারামি বাংলাদেশী মুসলিম দের মেরে ফেলা উচিত,
Religious Hate	মুসলমান মানেই জিহাদী জঙ্গিবাদ
Religious Hate	খুব তাড়াতাড়ি মুসলিম ধংশো হবেই
Religious Hate	বাংলাদেশের মুসলিম লোকেরা মানুষ না সব কুকুর । 
Religious Hate	যদি পৃথিবী ধ্বংস হয় তবে তার কারণ হবে মুসলিম। 
Religious Hate	কাংলাদেশের মুসলিম দম আছে তো ভারতে করে দেখা , তোদের গাড় ফাটিয়ে দেব। 
Religious Hate	মুসলিন জাতি বেইমান এবং জেহাদি ছিল, আছে , থাকবে
Religious Hate	মুসলিমদের এই বেইমানি আর জেহাদির কারনে পৃথিবীর সমস্ত জাতি মুসলিমদের ঘৃণা করে.
Religious Hate	মুসলমানরা গুজবে বিশ্বাস করে, বাস্তবে নয়। মানে, মাথায় ব্রেন নামক পদার্থটার অভাব!!
Religious Hate	পাগলে কিনা কয় ছাগলে কিনা খায়,যাদের দেবতা গরু ছাগল হাঁস মুরগি ভেড়া কুত্তা শিয়াল বানর হনুমান হাতি সাপ কেঁচো কৃমি তারা আর কত ভালো হবে
Religious Hate	হিন্দু মানে অশান্তির ধর্ম,তারাই মুসলমানদেরকে নির্যাতিত করছে
Religious Hate	চলো আমরা সবাই মুসলিম মারা শুরু করি 
Religious Hate	বাংলাদেশের হিন্দুরা এখনো বেহেশতে আছে।তুই কি জানিস।
Religious Hate	সালা পাগল হিন্দু রা বাংলাদেশে যেভাবে শান্তিতে থাকে ভারতেও এভাবে থাকে না
Religious Hate	বাঙালি হিন্দুরাই ভীতু চোদা তাই নুনু কাঁটা পিসলামিক শুয়োরগুলো ওদের অত্যাচার করে.
Religious Hate	মাদারচোদ হিন্দুরা ভয়ে ইন্ডিয়া তে পালিয়ে না এসে উচিৎ মুসলিমদের কচুকাটা করে দুনিয়া থেকে নির্মূল করে দেওয়া. 
Religious Hate	শালা তুই কট্টরপন্থী হিন্দু
Religious Hate	তুই হালা দালাল তোর হিনদু বাপেরা ভারতে মুসল মানদের ওপর কি ভাবে অতাচার করিছে
Religious Hate	বাংলাদেশের মুসলমান জদি হিনদের ওপর অতাচার করে তাহলে বাংলাদেশে এত হিনদু জায়গা পেতো না হালা মাদার চুদ 
Religious Hate	এই সব রকম বালের মুসলমান যেখানে বিপদ সেখানেই ।
Religious Hate	একটি বিখ্যাত, আবিষ্কারক মুসলমানের নাম কেউ শুনেছে কখনো..ক ্যানসারের ধর্ম ইসলাম.
Religious Hate	বাংলাদেশের মিডিয়া ভারতের হিন্দুদের দালাল..
Religious Hate	ভারত কোন হিন্দুদের তাড়াচ্ছে না তাড়াচ্ছে মুসলিম জেহাদি মোল্লাদের ! 
Religious Hate	তোর বাড়িতে অপরিচিত মুসলিম ঢুকে পড়লে তুই কি করবি মোদী শেটাই করচ্ছে!
Religious Hate	সমস্ত হিন্দু NRC এর সমর্থনে ঝাপিয়ে পড়ুন ! ওই ধংশো কারি মুসলিম দের তাড়াতেই হবে !
Religious Hate	শুধু আসাম না পশ্চিমবঙ্গ থেকে ও এই জেহাদি মুসলমানদের খেদানো হবে !
Religious Hate	বাংলাদেশ থেকে হিন্দুদের তাড়িয়ে দেওয়ার পরিণাম এটা 
Religious Hate	তোরা ত সব জানতা,অতই জানতা ত হিন্দু দের কেন তারাছিস,সালা মোল্লা
Religious Hate	এই মুসলিম দের আতি তারাতারি ভারত থেকে তারাতে হবে।
Religious Hate	আই দেখিয়ে দেব এবার ।মুসলিম দের কে এবার জবাই করবো।জয় শ্ৰী রা
Religious Hate	যখন বাংলাদেশ থেকে হিন্দুদেরকে তারানো হচ্ছিল তখন কোথায় ছিল সহিংশুনতা 
Religious Hate	মুসলিম গরু চোর সন্ত্রাসী বাংলাদেশীদের হিন্দুস্থান থেকে বাহির হতে হবেই
Religious Hate	আসামের রোহিঙ্গা মুসলমানদের তারিয়ে দেওয়া হোক কারণ এরা ভারতের মানুষ নয় 
Religious Hate	জনে চার পাঁচ টি বিয়া কইরা সুকরের বাচ্চা পায়দা করার সময় মনে থাকে না ....শালার জাত পরে ভিক্ষার ঝুলি নিয়ে হিন্দুস্তানে
Religious Hate	তর মা কে চোদী শালি দেহ ব্যবসায়ী। বাংলাদেশের সব মুসলিম মেয়েরা ঘরে ঘরে ইমু সেক্স করে রোজগার করে ভাত খায়
Religious Hate	অবৈধ মুসলমানদের লাথ মেরে তাঁড়ানো হোক
Religious Hate	নডির পোলা নাস্তিক তোর মারে বাপ 
Religious Hate	তুই একটা সুবিধাবাদি,তুই হিন্দু ও না আবার মুসলিম ও না, তুই একটা নাস্তিক। 
Religious Hate	ইহুদীরা আসলেই খুব বিপজ্জনক 
Religious Hate	হিটলার কে ধন্যবাদ কারণ ইহুদীরা আসলিই খারাপ 
Religious Hate	হিটলার একজন সত্যিকারের লোক যে ইহুদী সব শেষ করার প্রতিগ্গা করে,
Religious Hate	ইহুদীরা মানুষ খারাপ, 
Religious Hate	এই পৃথিবীতে একটা মহাপাপ ধর্ম আঁছে তার নাম হলো আব্রাহামিক ধর্ম
Religious Hate	সব ইহুদীকে মেরেফেলা উচিৎ ছিল
Religious Hate	সব ইহুদিকে একবারে হতা করলে ভালো হতো
Religious Hate	ইহুদিরা অনেক ভয়ংকর। 
Religious Hate	ইন্ডিয়ান হিন্দুগুলা আস্ত বেয়াদব, উগ্র। 
Religious Hate	মুর্তিপুজারী,মাজারপুজারী,ভন্ড পীরদের পোদ ফেটে গেছে। 
Religious Hate	হিন্দু ধর্ম তো এইটাই জানে না যে প্রিথিবি গোল
Religious Hate	মালাউন কে জুতা পেটা করা হোক। 
Religious Hate	হিন্দু শোয়ামিজি খুব সুন্দর উত্তর দিয়েছে
Religious Hate	আল্লাহ আমায় তৌফিক দিলে আমি সারা বাংলা ঘুরে এই সমস্ত বজ্জাত জাহেল আলেম নামের শয়তান গুলারে পিটাইয়া স্টেজ থেকে নামাইতাম। 
Religious Hate	জাকির নায়েক ধর্ম ব্যবসা বন্ধ করে দেওয়াতে এদের ঘুম হারাম হয়ে গেছে। 
Religious Hate	এগুলো কাট মোললা বলা হয় এরা কি নিজেকে মুসলিম মনে করে জাকির নাকেয় য়ের জুতা টানার মতো জগোতা হয় নাই 
Religious Hate	আল্লাহ এই হুজুরকে হেদায়েত দেন ছাগল হুজুর । 
Religious Hate	এই শালা কে কি কুত্তা পয়দা করছিল নাকি শয়তান পয়দা করছিল সালায় কয় কি
Religious Hate	ওর টুপির নিচে শয়তান আছে মনে হয়
Religious Hate	কাটমোল্লাদের তাদের ধর্ম ব্যবসায় বন্ধ হয়ে গেছে,তাই তার উপর খুব রাগ, আরে ভাই সত্য চিরন্তর, মিথ্যা সাময়িক, 
Religious Hate	কাঠমোল্লা জাকের নাইকের জুতার সমান মুল্য তোর নাই। 
Religious Hate	জদ্দা খোর সাইফল্লাহ কিসের আলেম। 
Religious Hate	এইসব কাটমোললারে জুতা মারলেও লজ্জা হবেনা।
Religious Hate	হিন্দু ধর্মই একমাত্র চোদাচুদির ধর্ম 
Religious Hate	আমার ধনেরা সার্বজনীন চোদাও,
Religious Hate	সময় টিভির মালিক যে হিন্দুদের বংশধর এটা সবাই জানে
Religious Hate	মুসলিম নামের নাস্তিকরা এখন দেখিস না তোর হিন্দু বাপেরা মুসলিমদের প্রকাশ্যে ধর্ষন করলো
Religious Hate	পাকিস্তানদের মতো আমাদের দেশ থাকত তাইলে হিন্দুদের সাথে ধরষন করতাম 
Religious Hate	বুকা.... ছেলে ভুল ভাল বচন দিস. শিবই শ্রেষ্ঠ জানিস না 
Religious Hate	মুসলিমদের মাথা আর গরুর মাথার মধ্যে খুব একটা পার্থক্য নেই
Religious Hate	মোল্লাদের বুদ্ধিমত্তা গরুর চেয়ে একটু বেশী।
Religious Hate	আরবের মেয়েদের ৭-৮ বছর বয়সে মাসিক হয়!! তাহলে তো গায়ে-গতরে অনেক শক্তিশালী হবার কথা। 
Religious Hate	৬০-৭০ বছরের মানসিক বিকারগ্রস্ত ধর্ষক মুসলমানরা ৬-৭ বছরের বাচ্চা মেয়েদের বিছানায় নিতে পাগল হয়ে থাকে।
Religious Hate	তোমাদের ধরমে শুধু লুচ্চামি আর লুচ্চামি তোমাদের দেবীরা বিয়ের আগে সন্তানের মা হয় ছি!! 
Religious Hate	লুচ্চা ধর্ষক শিশুকামী মুহম্মদের সাথে রবীন্দ্রনাথের অনেক মিল আছে।
Religious Hate	আগামী ২৫ বৈশাখ থেকে হজরত রবীন্দ্রনাথ ঠাকুর (সালাল্লাহু - লাড়ালাপ্পা) র নামেও ওরশ পালন করিস। 
Religious Hate	বকলম মুসলমানদের যতই বলা হয় আমি নাস্তিক, এরা তত বেশি করে দুর্গা-কালিকে গালি দিবে
Religious Hate	বিশ্রী সাম্প্রদায়িক জঙ্গি মানসিকতা এই মুসলমানদের!!
Religious Hate	গল্পের রাম-কৃষ্ণের সাথে কি বাস্তবের নরপিশাচ মুহম্মদের তুলনা হয়?
Religious Hate	রবীন্দ্রনাথ ধর্ষক মুহম্মদের মত ৫৩ বছর বয়সে একটা ৬ বছরের বাচ্চার সাথে মুফাখেতা (দুই পায়ের মাঝে জননাঙ্গ ঘষা) করেন নাই।
Religious Hate	মুহম্মদের আমলেও বাল্যবিবাহ প্রচলিত ছিল। কিন্তু ৫৩ বছরের বুড়ার সাথে ৬ বছরের বাচ্চার বিয়ে কেউই ভাল চোখে দেখত না। 
Religious Hate	বাচ্চা মেয়েটার জীবন ধ্বংস করেছে মুহম্মদ যার প্রতিশোধ হিসেবে আয়েশা মুহম্মদকে বিষ খাইয়ে হত্যা করেছে
Religious Hate	মুহম্মদ যখন বাচ্চা মেয়ে আয়েশাকে বিছানায় নিয়ে যায় (এটাকে আমি বিয়ে বলবো না), সেটা লুচ্চামি, সেটা শিশুকামিতা, সেটা ধর্ষণ। 
Religious Hate	ইসলাম অনুসারে, ৭২টি হুরের সঙ্গে চব্বিশঘন্টা সেক্স করার জন্য জান্নাতি পুরুষদের লিঙ্গ সব-সময় শক্ত ও খাড়া হয়ে থাকবে I 
Religious Hate	ব্যশ্যাস্যালয়ের মাটি ছাড়া দূর্গা মূর্তি গড়া হবেই না
Religious Hate	দূর্গা মার গুদে যখন কামড় উঠতো তখন ব্যাসালয়ে গিয়ে কামড় মেটাতো
Religious Hate	একবার দূর্গা মার গুদে প্রচন্ড চুলকোতে আরম্ভ হল ব্যসালয়ে সেই সময়ে কোনো পুরুষ সিলোনা অগত্যা দূর্গা মা কি করি করি বলে চিল্লাতে আরম্ব করল,
Religious Hate	কার্তিক কে দেখতে পেয়ে মা দূর্গা, দৌড়ে কাছে গিয়ে বললো ও আমার বির কার্তিক দয়া করে তুমি আমার গুদ টি ফাটিয়ে দিয়ে যাও
Religious Hate	এখনই কোন মসুলমান যদি এই রাস্তা দিয়ে যায় আমি বাধ্য হব ওই মসুলমান কে দিয়ে আমার গুদের জ্বালা মেটাতে
Religious Hate	মামী দূর্গা যখন বলছে তখন আর কি আর করি, মামী র গুদের জ্বালা একটু মিটিয়ে দিয়ে যাই
Religious Hate	দূর্গা মা কে তখন সেই মুসলি আলী জোরে জোরে চুদতে লাগলো
Religious Hate	নাস্তিক ওরা হলো দুনিয়ার ময়লা, আবর্জনা আর নর্দমার কীট 򘐠ভন্ড এক নাম্বার মিথ্যাবাদী 
Religious Hate	ইসলামে বর্বরতা চারা আর কিছুই নয়। 
Religious Hate	মুস্লিমগুলা হলো শুয়োরের বাচ্চা,
Religious Hate	শুয়োর গুলো কাদা ময়লার সমান কোরান ছাড়া কিছুই বোঝে না। 
Religious Hate	এক নাস্তিকের সাথে আলাপ হচ্ছিল তিনিও এই মাথামোটা এই মোফাচ্ছিলের মত।
Religious Hate	খানকির পোলা তুই একটা শুওরের বাচ্চা। আর তোর সাথে সব মালাউনের বাচ্চারা বাহাবা দেয়।
Religious Hate	শালা মূর্তি পূজারী, শিবের ধনেরর পূজারি, 
Religious Hate	খানকির পোলা চারালের বাচ্চারা নিজেগো চোদাইন্না ধর্ম রে আগে চিন ঠিক মত। 
Religious Hate	আচ্ছা এই 72 হুরেরা কি বেশ্যাবৃত্তি করে ? 
Religious Hate	নবী মোঃ যদি ভাল মানুষ হতো তাহলে ইসলামের জন্ম হতো না। 
Religious Hate	গরুর মুতের পুজারি, উলংগ নারীদের মূর্তির পূজারি
Religious Hate	মুসলিম শুধু গালি দিতে পারে, মারামারি কাটাকাটি করে, 
Religious Hate	মুস্লিম জাতি ই হইছে মূর্খের বাল, নাস্তিকের উত্তর আর কি দিবো!
Religious Hate	এগুলো লুছা হুজুর তারা মোহাম্মদ জা করেছে সঠিক বলবে 
Religious Hate	হাঃ হাঃ হাঃ সব মুসলমান তোর মতো গাধা হয়ে জাবে তাই ভাবছিস বুঝি || নাস্তিক থেকে কুকুর ভালো 
Religious Hate	ভড়ুয়া মাদার চোদ তুই কনে থাকিস তাই বল তোর কনো অদিকার নেই কনো ধরমো নিয়ে বদনাম করা তোর যেটা ভালো লাগে সেই ধরমো কর 
Religious Hate	ইহুদী নাচারাদের দেশে বসে ইসলামের বিরুদ্ধে অনেক বড বড় কথা বলা যায়। 
Religious Hate	নাস্তিকেরা এইসব গরু - ছাগল কই থেকে যে আনে 
Religious Hate	আবাল মার্কা হুজুর 
Religious Hate	ইসলাম হলো চোদার ধৰ্ম।  
Religious Hate	এই ইউসুফ মুল্লাটা ও ছাগল, সবকিছুই কুরান থেকে আবিষ্কার, হি হি হি 
Religious Hate	নাস্তিক দের বোকার মত যুক্তি শুনলে, আমার ইমান টা আরো মজবুত হয় 
Religious Hate	খেজুরে অনেক সেক্স তাই আরবিরা খেজুর খায়ে একের অধিক বিয়ে করে। 
Religious Hate	তেতুল হুজুর বৌয়ের যোনি চুসে বুঝলো যে টক।
Religious Hate	মুহম্মদ দুনিয়াতেই মাগিবাজি লম্পটগিরি করল তার উন্মত জন্নতে মাগীবাজি করবে।
Religious Hate	অাল্লা ম্যাজিক এর মতো কাজ করে না,আল্লাহ ভুয়া ৷ 
Religious Hate	নাস্তিকের গুষ্টি, জাহান্নামের দরজা দিয়ে তোমরা প্রবেশ করবা
Religious Hate	তোমরা তো কোরানের পোদ মেরে মেরে মধু বের করে দিলে..
Religious Hate	তোরা তো সব কয়টা হিজরা তোদের হুরের কথা শুনলেও তো ভয় করে। 
Religious Hate	নবি মাগি চুদার জম 
Religious Hate	আসলে তোমরা নাস্তিক রা হলা সর্ব হারা, মরার সময়ই বুঝবি শালারা।
Religious Hate	এইসব আতঙ্কবাদী ইসলাম ধর্ম সম্পর্কে কিছুই বলার নেই
Religious Hate	আরে দূর হো চুত্মারানির পূত - মালাউনের দুর্গন্ধময় অপবিত্র বীর্যের জারজ সন্তান।
Religious Hate	আরে জানোয়ার তুই ইসলামকে ঘীনা করিছ তা হলে তোর নামের সাথে কেন এখন পোরজনত ইসলাম লাগানো আছে।
Religious Hate	তুই কিসের নাস্তিক,নাস্তিক হতেও লজিক জ্ঞান লাগে, তুই তো ইহুদিদের দালাল টাকার বিনিময়ে সব দিতে পারিস
Religious Hate	মানবতা চুদাছ কি বালের পড়াশুনা করছচ তু যদি হেডাম থাকে জাকির নায়েক এর সাথে বসিছ তুর হেডাতে কত রস আছে দেখমু চি তুর মা বাবার পাপের ফসল তুই মাগি 
Religious Hate	তুই তো নাস্তিকের রাতের খাবার,
Religious Hate	তরে বিচানায় নিয়া খালি পুটকি মারে আমারা জানি,তুই জাহান্নাম মাগি, জাহান্নামির পোলাদের তরে নিয়া জাহান্নামে পুটকি মারবে 
Religious Hate	যত সব মুর্খ নাস্তিক, ইসলামের কোন জ্ঞান নাই, এক লাইন জেনে মানসিক রোগীর মতো অনলাইন এ এসে লাফালাফি করিস।তোদের তো বিজ্ঞানের ও কোন জ্ঞান নেই। 
Religious Hate	লোপা রহমান আমিও ২বছর আগে ইসলামের চু চু চু করে দিছি চালিয়ে যান একদিন এবং সবার আগে ইসলাম চু চু হবেই 
Religious Hate	আচ্ছা বুঝলাম তোর সৃস্টিকর্তা কে? তুই আর কি করবি তুই মুফার সাথে চু চু কর।মুফা বান্দরের জন্মদিনে গান শুনা 
Religious Hate	তুই মরলে কুততা দ্বারা কবর দেয়াইস। 
Religious Hate	এ মাঙ্গি তুই কেটা হে তোর কাছে ইসলাম শিখতে হবে আমাদের আদর্শ হযরত মোহাম্মদ (সাঃ)
Religious Hate	শালী নাস্তিকের বাচ্চা তুই ভালো-মন্দ কি বুঝিস রে 
Religious Hate	খানকি মাগি। আমাদের ইসলাম ধর্ম নিয়া কোন কথা বলবি না। 
Religious Hate	তসলিমা নাসরিনের মত তুমি ও টাকা পাও কাফের
Religious Hate	তুই তো নাস্তিক সেটা আমরা সবাই জানি তুই তো আরো নাস্তিকের কাছে বিক্রি হয়ে গেছিস শুয়োর কোথাকার 
Religious Hate	এখন তর চেহেরা ফেরাঊনের মত হয়ে যাচ্ছে, নাস্তিকের বাচ্চা নাস্তিক
Religious Hate	পৃথিবীতে যত ধর্ষণ হয় তার 85% ধর্ষণ করে মুসলিম পুরুষরা। 
Religious Hate	মুসলিম নাম - ইসলাম বিরোধী শব্দ! নিঃসন্দেহে মা ছিলেন একজন বেশ্যা যিনি সঠিকভাবে শিক্ষা দিতে পারেননি
Religious Hate	সানি তুমিতো বললে কোন ধর্ম বিরুধী না,তাহলে দেখতে পাচ্ছি কুখ্যাত একটা ইসলাম বিরুধী।
Religious Hate	দুর সালা মালায়ুন পাগল 
Religious Hate	তুই তুর দেশের না, মা এর নয়, তুই নয় হিন্দুর নয় মোসলিমের, তুই হলি শয়তানের শুধু শয়তানের, হারামযাদা কুত্তার বাচ্ছা। 
Religious Hate	ও হিনদু রা এই জারোজ টাকে নিজেদের বোনধু মোনে কোরো না কারোন ও গেছে হিনদুদের কোচি কোচি মেয়েদের পুজো কোরতে
Religious Hate	জনগনের সামনে তোর হিন্দু বাবাদের সামনে ওপেন চ্যালেঞ্জ হবে মাদারচুদ
Religious Hate	কুত্তার বাচ্চা বাংলাদেশ সাম্প্রদায়িক দেশ। সামনে আয় তোর সাম্প্রদায়িকতা তোর মায়ের
Religious Hate	মাগীচুদা নাস্তিক তরমারে চুইদা প্রমান কর তুই সত্তিকারের নাস্তিক,
Religious Hate	তুই তো মুসলিম না।তুই মানছ আর না মানছ। 
Religious Hate	তোদের মত নাস্তিকের বাচ্চার জন্য মুসলমানদের আজকের বদনাম 
Religious Hate	মুসলমানের খাবি মুসলমানের পোরবি ইহুদী-খ্রিষ্টানদের দালালি করবি 
Religious Hate	সানিউর কুত্তার বাচ্চা, তুর বোনেরে চুদমু তুর কান্দে ফালাইয়া, তুর মাইরে চুদমো তুর বাবার কান্দে ফালাইয়া, বান্দির বাচ্চা রেন্ডির সন্তান,
Religious Hate	মুহাম্মদ চুদাইলে তুমার কি। তুমাকে ত চুদাই নাই। তুমি অনলাইনে এত বগ বগ কর কেন।
Religious Hate	তুই একটা ফেরাওন অামি অাইতাছি তর কাছে তুই রেডি থাকিস 
Religious Hate	খানকির পোলা,হিন্দুদের ধর্মের প্রতি দরদ নাই, ,মুসলমানের আছে তুই ধর্মের কি বুজস, 
Religious Hate	তকে হত্যা করা প্রতিটি মুসলিমের জন্যা ফরজ 
Religious Hate	আরে শূয়োর তোর নামের শেষে রহমান, তা তুই বদলাস না কেন? ইসলাম নিয়া এত চুলকায় আর ইসলামী নাম রাখার কারনে তোর চুলাকায় না।
Religious Hate	দুর কুত্তার বাচ্চা নাস্তিকের ঘরের নাস্তিক 
Religious Hate	তুই তো টাকার কাছে তোর ধম বিক্রি করছ ত তুই তো মানুষ নামের জানোয়ার হারে নাস্তিক আল্লা র খমা চা 
Religious Hate	আগে নাম বদলায়া একটা নাস্তিক নাম রাখ।তোর বাবা মার কপাল খারাপ তোর মতন শুয়োরের জন্ম দিসে।
Religious Hate	হিন্দুর দেবতারা ত অন্য লোকের বউকে বাচ্চা দেয়, দেখুন মহা ভারত 
Religious Hate	এই মাদারচুদ যে লোককে দেখালি সে মুসলিমনা সে ইহুদি সে দাড়ি রেখে এই সব নাটক করে আমরা সব বুজি 
Religious Hate	তোমার চেহারার দিকে তাকিয়ে দেখ তোমাকে মোটেও ভাল মানুষ মনেহয়না শয়েতানের মত লাগে 
Religious Hate	তুর মতো নাস্তিকরা সত্য আর মিথ্যার পার্থক্য কি বুঝবি?
Religious Hate	হিন্দু হয়ে সুসলমান সেজে কথা বলিস । তর মা গরুর চুদা খেয়ে তোকে জন্ম দিছে এটা সত্য না কি মিথ্যে আগে বল ।
Religious Hate	তুই নাস্তিক হবি হিন্দু হবি খৃষ্টান কিনবা মুসলিম এটা তোর ব্যক্তি গত ব্যপার
Religious Hate	আগে বল তুই কই । তুই আসলে মুসলমানের সন্তান না । 
Religious Hate	আমি মনে করেছি হিনদু রা পুটকি মারছে? 
Religious Hate	হালার ঘরের হালা জানোয়ার তোর মত সবাই জারজ না আমরা নিজের জীবনের বিনময়ে হলেও আমরা আমাদের ধর্মের মান রহ্মা করব 
Religious Hate	তুই তো এক নাফর্মান শয়তানের ভাই 
Religious Hate	তুই সালা কাফের তাতে কোন সন্দেহ নাই 
Religious Hate	তোমার মায়রে চুদি,সব নাস্তিকের মায়রে চুদি।সব নাস্তিক মাইরা শেষ করুম। 
Religious Hate	শালা নাম্তিকদের হত্যা করা আমাদের দায়িত্ব ও কর্তব্য.
Religious Hate	মৃত্যু পর্যন্ত অপেক্ষা কর।তখন বুঝতে পারবি আস্তিক নাকি নাস্তিক।
Religious Hate	তুরা নাস্তিকরা ফেরাউনের অনুসারি এবং ফেরাউনের সাথে জাহান্নামের আগুনে চুড়ে ফেলা হবে হবে তোদের। 
Religious Hate	তোর হিন্দু বন্ধুদের বান্ধবীদের নিয়া বৃন্দাবনে গিয়া লিলা করগা
Religious Hate	তোরা নিজেদের চরকায় তেল দে। তোর মতো ছুচো বা চিকা একটা মলের কিট শান্তির( ইসলামের) কথা না বললেও চলবে।
Geopoitical Hate	১৯৭১ এ ভারত সাহায্য না করলে আজকে এই বাংলা ভাষায় কথা বলতে পারতি না, ফাকিস্তানের পা চাটতি।
Geopoitical Hate	বাংলা চিনি ভাই ভাই সাহায্যের নামে পোদ মাইরা লিবে তোরা বলদ চোদার দল এইটা কি বুঝোস্ নাই
Geopoitical Hate	১৯৭১ সালে নয় মাসে মাত্র ৪০ লক্ষ নারী ধর্ষিতা হয়েছিলেন। এক সাথে থাকলে পুরো চার কোটি নারীর পেটে বাস্টার্ড/বেজন্মা সন্তানে সারা দেশ ভরে যেত।
Geopoitical Hate	কানকির পোলারা ৭১ জন্য এখন পর্যন্ত ক্ষমা চায়নি 
Geopoitical Hate	পাকিস্তানের মত আবাল দেশের দালালি করে লাভটা কি?
Geopoitical Hate	ভারত হল দুনিয়ার সবচেয়ে বাজে  বেজন্মা দেশ! 
Geopoitical Hate	মিয়ারমার একটি হারামি রাষ্ট্র। পৃথিবীর মানচিত্র থেকে তাদের নাম মুচেফেলা উচিৎ। 
Geopoitical Hate	১৯৭১য়ে পাকিস্তান সেনা অনেকে বাংলাদেশি মেয়েকে চুদছিলো!
Geopoitical Hate	ইন্ডিয়ান চোরের দল 
Geopoitical Hate	খান্কিমাগি পাকিস্তানের দালাল 
Geopoitical Hate	পাকিস্তান একটা ফালতু দেশ কারন দিন গুলা মনে পরে 
Geopoitical Hate	বাংলাদেশ তোদের অর্থনীতির ৫ম রেমিট্যান্স মুলুক। আর হ্যাঁ রেমিটেন্স বুঝিস তো? ফকিন্নির মুখে দৈব বচন! 
Geopoitical Hate	ভারত যেন বাংলাদেশের কোনো ব্যাপারে নাক না গলা, কেননা ভারত বাংলাদেশকে কখনো ভালো চায় না
Geopoitical Hate	মাদারচুত ফকস্থানী, তোদের এই বাংলার বুকে কোনো স্থান নাই।
Geopoitical Hate	রেন্ডিয়ার দালালরা যতদিন থাকবে এদেশে ততদিন সাধারন মানুষে শান্তি হবেনা। 
Geopoitical Hate	১৯৭১ সালে ভারত পাকিস্তান কে থাপ্পড় মেরে দুই টুকরো করেছে। 
Geopoitical Hate	বাংলাদেশ কোনদিনো ভারত কে সাপোট দেবে না 
Geopoitical Hate	1971 রে ভারতের উচকানির মধ্যমে আমরা ভাই ভাই যুদ্ধে লিপ্ত হলাম
Geopoitical Hate	খানকির বাচ্চা ফাকিস্তানী ৷ 
Geopoitical Hate	পূথিবীর বেশির ভাগ ফইন্নি ভারতে
Geopoitical Hate	ভারতকোনোদিনোবাংলাদেশেরবন্ধুহোতেপারেনা
Geopoitical Hate	যারা ভারতের পক্ষে কথা বলে, তাদের দেশের পতি কোন ভালোবাসা নেই,
Geopoitical Hate	অারে মাধার চোদ তাকিয়ে দেখ ঐ লাল সবুজের পতাকার দিকে এখনো চিৎকার করে বলতেছে শহীদ ভাইদের কথা 
Geopoitical Hate	এই ধোনের রোহিজ্ঞা খেদায় না কেন?
Geopoitical Hate	তোদের দেইনি বলে বলছিস দিলে বলতিস না।কাংলাদেশী খানকির ছেলেরা। 
Geopoitical Hate	পাকিস্তানি রা আসলে গন্ড মুর্খ। এদের ভাল মন্দ বোঝার ক্ষমতা নেই। 
Geopoitical Hate	বিজিবির হুইসেল শুনে মিয়ানমারের কুতা গুলোর বুক কাপে।
Geopoitical Hate	ভারতীয়রা হাগু করে রাস্তা ঘাটে,আর বাংলাদেশিরা হাগু করে নির্দিষ্ট স্থানে। 
Geopoitical Hate	মালউন ইন্ডিয়ারাই ফারাক্কার পানিতে ডুবে মরবে। 
Geopoitical Hate	সুচির মুখে লাথি মারা উচিত 
Geopoitical Hate	24 বছর একসাথে থেকে বাল ছিড়েছে এখন এক হয়ে আটি বাধবে।
Geopoitical Hate	বাংলাদেশ থেকে এই ইন্ডিয়ান দালাল গুলোকে লাথিমেরে বের করা উচিৎ!
Geopoitical Hate	অই দেশে এখনো টয়লেট নিয়া প্রচার করে
Geopoitical Hate	চীনা মোটা বারা দিয়ে কাংলুদের গূদে দিচ্ছে বিশাল ধাক্কা চোদন খেয়ে কাংলুদের মা যাচ্ছে এবার মক্কা । 
Geopoitical Hate	ফইন্নি ভারতের সাথে বাংলাদেশের তুলনা মানে সোনার সাথে কাদার তুলনা
Geopoitical Hate	ভারতে মস্তান আছে অনেক শুধু খুন করে,বিচার নাই। 
Geopoitical Hate	রেন্ডিয়া বাংলাদেশের পরম শত্রু।
Geopoitical Hate	আমাদের দেশ ছোট বলে ভারতের চেয়ে পিছিয়ে, না হয় মুতার জন্যও তোদের সাথে সম্পর্ক রাখতাম না,
Geopoitical Hate	কাংলাদের আব্বা ঘোষনা করা হক পাকিস্তান কে শুয়োরের বাচ্ছা খানকির ছেলে 
Geopoitical Hate	নেহেরু মাদার চোদ ছিলো 
Geopoitical Hate	প্রতিটা বাংগালীর এই ফারাক্কা বাঁধ ভারতের মুখে তুতু দেওয়া উচিৎ ।
Geopoitical Hate	ভারত আমার শত্রু
Geopoitical Hate	ভারতের দালাল নিপাত যাক, বাংলাদেশ মুক্তি পাক।
Geopoitical Hate	মিয়ানমার দেশ মানে কুলংগার এবং ঘৃনিত দেশ। 
Geopoitical Hate	হোলির মারে চুদি ভারত মাতারে চুদি 
Geopoitical Hate	আমেরিকা, রাশিয়া, চীন, এখন আমাদের কত ভাল বন্ধু, ঔখানে ইন্ডিয়া কোন চেটের বাল
Geopoitical Hate	বাংলাদেশ। পাকিস্তান। এক।সাতে।থাকলে।বাংগালীদের।দামে দিত।না।তারা। 
Geopoitical Hate	আমরা ইরাক না আর আফগানিস্তান না। আমাদের দিকে চোখ দিলে চোখ দুটো তুলে শালা ট্রাম্প
Geopoitical Hate	টয়লেট বানিয়ে আগে নিজেদের সমস্যা সমাধান করুক ভারত। 
Geopoitical Hate	বাংলা দেশ তমরা ঠিক বলেছো আমরা তমাদেরমত এক ভিকারিদেশ এর সঙগ না থাকা ভাল 
Geopoitical Hate	ভারতের গুদে এত ভয়, 
Geopoitical Hate	রোহিঙ্গাদের কারনে আমাদের দেশে দিন দিন নিত্য প্রয়োজনীয় পণ্যের দাম বেড়েই চলছে
Geopoitical Hate	ভারত মানে হচ্ছে সার্থপর। 
Geopoitical Hate	বাঙ্গালির শরীরে ১ ফোটা রক্ত থাকতে পাকিস্তান বাংলাদেশ এক হতে পারে না। 
Geopoitical Hate	আমরা বাংলাদেশিরাই এশিয়ার চ্যাম্পিয়ন হয়েছি চোরের বাচ্চা ভারতের মত আম্পায়রে সাহায্য নিয়া জিতি নাই 
Geopoitical Hate	ত্রিশ লক্ষ মা বোনকে হত্যা করে,এখন ভাই ভাই চুদাইতেছে খানকির পোলা। 
Geopoitical Hate	বাংলাদেশ স্বাধীন করার পিছনে ভারতের একটি বিষাক্ত রাজনীতি ছিল। 
Geopoitical Hate	ভারতের দালালে দেশটা বরেগেছে ভাই 
Geopoitical Hate	সালাদের পাকিশতান কেলাচিছলো ঠিক করছিলো
Geopoitical Hate	অবৈধ ভারতীয় ধরে গন ধোলাই দেয়া উচিৎ।
Geopoitical Hate	বিএসএফ হচ্ছে ক্রিমিনাল। চীন-পাকিস্তান সীমান্তে মাইর খায় আর বাংলাদেশের সীমান্তে পাগলা কুকুরের মত গুলি ছুড়ে।
Geopoitical Hate	আমার হাতে পতিদিন ভারতেরর মানুষ মার খাই আমি একজন বাংলাদেশি
Geopoitical Hate	দেশের রাজারকার গুলি এই ভারতকে বন্দু বলে মুলোত এরাই রাজাকার ও পাচাটা গুলাম,
Geopoitical Hate	বাস্টার্ড এর বাচ্চা ইন্ডিয়ান। 
Geopoitical Hate	মাত্র পনের দিনের কথা বলে ভারত এই ব্যারেজ আজ অব্দি চালিয়ে রেখেছে৷ মিথ্যুক ভারত৷
Geopoitical Hate	সৌদি মাদার চোদ 
Geopoitical Hate	আজকে ৫ লক্ষ পেন্ডিয়ান বাংলাদেশে রোজগার করে তোদের খাওয়াচ্ছে।
Geopoitical Hate	বোকাচোদা গেদা গেদী, চাল্লা আমি ভারত না হলে তোমাৰ স্বাধীনতা পোদেৰ মধ্য ধুইয়া গেলহৈ 
Geopoitical Hate	আর ইন্ডিয়ান টেলিভিশন তে যেসব বড়লোক  দেখায়, তারা দুই টাকার ফকির দুই লাখ পাইলে যেই অবস্থা হয় সেটা
Geopoitical Hate	পাকি ও ইন্ডিয়ান দালাল অথবা প্রাচীন ও নব্য দালাল উভয় সমান দোষী। 
Geopoitical Hate	ব্রিটিশ আমার দাদার শত্রু 
Geopoitical Hate	মাদারচোদ পাকিস্তানি 
Geopoitical Hate	হিজ্রা একটা দেশ। সূচি একটা হিজ্রা মাগী 
Geopoitical Hate	আমরা উন্নতির দিকে এগিয়ে যাচ্ছে তাই ভারত আমাদের ভালো চায় না ভবিষ্যতে ভালো চাইবো না
Geopoitical Hate	ভারত আমাদের চিরশত্রু
Geopoitical Hate	ইন্ডিয়া আগ্রাসী
Geopoitical Hate	পাকিস্তান অনেক ভালো ইনডিয়া হারামি 
Geopoitical Hate	ভারত আমাদের বন্ধু হতে পারেনা আমাদের ১নংবার দুশমন। 
Geopoitical Hate	মায়ানমারের গুষ্টি মারব। 
Geopoitical Hate	আমরা জানি পাকিস্তান ও চীন আমাদের শত্রু।
Geopoitical Hate	ভারত আমাদের দেশের অনেক শত্রু শত্রু শত্রু আমার মনে হয় 
Geopoitical Hate	এই খানকি ভারত বাংলাদেশ কে দান করেছ। পাকিস্তান আতঙ্কবাদী দেশ 
Geopoitical Hate	পাকিস্তান একটা আতঙ্ক বাদি দেশ ও সব দেশেই আতঙ্ক বাদ ছড়ায়
Geopoitical Hate	ভারত কখনো আমার বন্ধু হতে পারেনা
Geopoitical Hate	মালায়াওন এর বাচ্চারা হলো সুবিধা-পাটি। তারা শুধুমাত্র নিজেদের সুবিধারথেয় বাংলাদেশকে যুদ্ধে সাহায্য করেছে
Geopoitical Hate	আমাদের উচিৎ আরেক চীন অথবা পাকিস্তান হওয়া এবং ভারতকে ঔষুধ দেওয়া।
Geopoitical Hate	ভারত আমাদের ভাল চায় না।
Geopoitical Hate	একটা কথাই বলোনা পাকিস্তান হল একটা জঙ্গি বাদি দেশ
Geopoitical Hate	পাকিস্তান একটি সন্ত্রাসী তৈয়ারি করা এবং রফতানি করা দেশ।
Geopoitical Hate	ভারত কে বিশাস করা যায় না। কারণ ভারত সুবিধা বাদী। 
Geopoitical Hate	মিয়ানমারের খানকিরপোলারা এখন যাস কেন
Geopoitical Hate	আমার যদি খোমোতা থাকত ভারত নামের রাস্ট্র টা মুছে ফেলতাম প্রিথিবী থেকে 
Geopoitical Hate	ভারত আমার শত্রু কারন তারা হিন্দু মুসলিম দের উপর অতাচার করছে। 
Geopoitical Hate	এবার থেকে তোর বাপ কে আম্পায়ার হিসেবে পাঠাইয়া দিশ। 
Geopoitical Hate	পাকিস্তান বাংলাদেশ এক থাকলে মায়ানমার বিশাল বড় বাশ খেতো
Geopoitical Hate	ভারত বাংলাদেশ ত্রখি 
Geopoitical Hate	আমি এখন ইনশাআল্লাহ সৌদি আরব আছি তারা হল জারজ সন্তান 
Geopoitical Hate	ভারত কখনো বাংলাদেশের বন্দু না, ভারতকে বন্দু বলা আর বিসাত্ত সাপকে চুমু দিবার মত,
Geopoitical Hate	আর ৫০ বছর পর পাকিস্তান নামে কোন দেশ থাকবে না। 
Geopoitical Hate	ভারত কুত্তা ধর্ষণকারি
Geopoitical Hate	আরে ভিকারী চুদা রা তোরা কী ভুলে গেলী জে তোদের সাধীনতা আমরা দীয়ে ছিলাম! 
Geopoitical Hate	ভারত ডাকাত এর মতো কাজ করছে বাংলাদেশে
Geopoitical Hate	ইন্ডিয়া ইচ্ছে চারালের দেশ 
Geopoitical Hate	ভারত নিজেরাই খাইতে পায়না আমাদের দেশে বিনিওগ কি করবে
Geopoitical Hate	ইন্ডিয়ান এক এক রাজ্যের সাথে তুলনা কর দেখবি কে বেশি এগিয়ে ফালতু কোথাকার
Geopoitical Hate	ভারত মাগির দালাল, 
Geopoitical Hate	উপমহাদেশের মুসলমানদেরকে তিন ভাগে ভাগ করে হিন্দু-ভারতীয়রা 
Geopoitical Hate	ভারত সবদেশের শএু।আর জারা পাকিসতান বাংলাদেশ বিরোদিতা করে তারা রাজাকার। 
Geopoitical Hate	এই খানকির ছেলেরা আবার তো হারলি। বাঘ আবারো নেরি কুততা হয়ে গেলো। কুকুর আবার বাঘ সাজতে যায়। 
Geopoitical Hate	ভারত হল বাংলাদেশের শোষক ও এক নম্বর শত্রু।
Geopoitical Hate	এক বার সামনে থেকে লড়াই শুরু করে দেখ। মীর জাফর মতো খালি পেছনে থেকে ছুরি মারার চেষ্টা করিস। 
Geopoitical Hate	ভারতকে বন্ধু ভাবার চেয়ে পাকিস্তানকে বন্ধু ভাবো 
Geopoitical Hate	এটাকে পাকিস্তান বলা ঠিকনা এটা হচ্ছে নাপাকস্তান 
Geopoitical Hate	ভারতীয় কুকুর গুলা কে তারিয়ে দেওয়া দরকার
Geopoitical Hate	এবার কাশ্মীর নিয়ে বাড়াবাড়ি করলে লাথি মেরে চার টুকরা করলে তবেই শিক্ষা হবে। 
Geopoitical Hate	ভারতে ধর্ষণকারি আছে আছে 100 কোটি, আর মাতাল আছে 120 কোটি 
Geopoitical Hate	ওই শালা মনে হয় সূচি কে বিয়ে করবে তাই কিছু বলছে না হবু বউরে। 
Geopoitical Hate	ভারত মুসলমাদের উপর জুলুম অত্যাচার করছ, উল্টা মিথ্যা অপবাদ দেছ, অহংকারেই একদিন পতন হবে ভারতের !!
Geopoitical Hate	কাংলুদের মায়ের শখ হয়েছে চীনা বারা খেতে 
Geopoitical Hate	ভারতের কথা আমি বলবো সারা জীবন বললেও হারামী দের কথা বলা শেষ হবে না
Geopoitical Hate	কুত্তার গলায় মুক্তোর মালা যেমন সুচির গলায় তেমন লাগে তাই ওর কাছে নোবেল পুরস্কার মানাই না 
Geopoitical Hate	ভারতের দালাল দিয়ে দেশ টা ভরে গেছে 
Geopoitical Hate	খানকির পোলাদের মাইরা ফালা,রোহিঙ্গা সব বিতাড়িত করা দরকার,
Geopoitical Hate	ভারতের দালালি যারা করে এরা ভারত চলেযাক এদের বাংলাদেশের দরকার নাই 
Geopoitical Hate	খানকিৱ পোলা ৱা শিক্ষা দীঘা কিছু নাই বলে কনডম ব্যবহার করলো না!
Geopoitical Hate	ভারতের মায়েরে চুদি 
Geopoitical Hate	চীন টাকা দিচ্ছে কাংলুদের মায়ের গুদের খবর নিতে ।
Geopoitical Hate	মাছুদা দেশ বারমা 
Geopoitical Hate	চীনারা সব চুদবে এসে কাংলুদের মা বোন আছে যতো ।
Geopoitical Hate	মাদার চুদ, ১৯৭১ সালে খানকির পুলারা,৩০ লক্ষ, মানুষের প্রাণ গেছে তদের জন্য, কুত্তার বাচ্ছা 
Geopoitical Hate	জারা প্রবাসে থাকে সুধু তারাই জানে পাকিস্তানিরা কত খারাপ
Geopoitical Hate	মাদারচুদরা ভারতের দালাল রেন্ডিয়া আমাদের বন্ধু হতে পারেনা
Geopoitical Hate	তুমি পাকিস্তানের রাজাকার নাকি ভাই এদের মতু লোচ্চা আর কোনু দেশ নাই। 
Geopoitical Hate	মাদারির বাচ্চারা ভারতের দালাল 
Geopoitical Hate	তোরা জিততে পারলি না, তাই এই ধরনের কথা বলছিস, তোদের খমতা আছে, ভারতের সাথে জেতার।
Geopoitical Hate	মায়ানমার বাংলাদেশের সাথে দন্দে ঝরাতে চায়,মায়ানমারকে ঘৃণা করি | 
Geopoitical Hate	দালাল শুয়ারের বাচ্চা গুলোকে ধরে গুলি করে মারা উচিত 
Geopoitical Hate	মায়ানমারের বাইঞ্চুদের মনে হয় এক একটারে পায়ের নিচে দিয়া পিষ্যা ফালাই 
Geopoitical Hate	দেশ ভাগের সময় রাখাইন রাজ্য বাংলাদেশ তথা পাকিস্তানের সাথে থাকতে বলেছে কিন্তু এই নেহেরু এটা নাখোচ করে দিয়েছে যার দরুন আজ রহিঙ্গাদের করুন অবস্হা !
Geopoitical Hate	মালাউনকা বাচ্চা কাভি নেহি আচ্ছা 
Geopoitical Hate	ধোনবাদ সব পাকিস্তানি তের ওরা আমাদের ভাই 
Geopoitical Hate	মালায়াওন কা বাচ্চা কাবি নেহি আচ্ছা, যবি আচ্ছা ওহ শুয়োর কা বাচ্চা।
Geopoitical Hate	পাইক্কা হারামী নং ওয়ান , এদের জবান ঠিক না । 
Geopoitical Hate	মালুরা গ মুত খেয়ে তাদের মাথার তার নষ্ট হয়ে গেচে 
Geopoitical Hate	পাকির দালল গুলারে জুতা মারা উচিত
Geopoitical Hate	মিয়ানমার কুত্তার বাচ্চা গুলারে শিখ্যা দিতে আমরা বেশামরিক লোকই যতেস্ট। 
Geopoitical Hate	পাকিশতানি ৮০% লোক পসুর তেকে আধম
Geopoitical Hate	মিয়ানমার বাংলাদেশের সেনাদের নাম শুনলে প্রস্রাব করেদেয়
Geopoitical Hate	পাকিস্তান আমার বাবার শত্রু 
Geopoitical Hate	যখন পাকিস্তানের দখলে ছিল বাংলাদেশ তখন কিরকম অত ্যাচার করেছিল পাকিস্তান।
Geopoitical Hate	পাকিস্তান আর বাংলাদেশ মিলে আমাকে ১ সাহপ্তাহর জন্য রাজা বানাও আমি রেন্ডীয়াকে উডাই দীবো
Geopoitical Hate	যারা ভারত কে সাপরোর্ট করে তারা হিন্দুর জন্ম ভারতিয় দালালের জন্ম 
Geopoitical Hate	পাকিস্তান একটা খাটাশ রাষ্ট্র। 
Geopoitical Hate	যারা স্বেচ্ছায় পাকিদের দ্বারা গর্ভবতী হয়েছিল তাদের সন্তানেরা এখনো বাবা বাবা চিৎকার দেয়।
Geopoitical Hate	পাকিস্তান একটা মাদারচোদ দেশ। শুয়োরের বাচ্চা সবগুলো। তার চেয়ে বেশি শুয়োরখোর ইন্ডিয়ান রা। 
Geopoitical Hate	যেই দিন বাস্টার্ড ভারত চুরি করবে না,সেই দিন ভারত কোন দিন বাংলাদেশের সাথে ম্যাচ জিতবে না
Geopoitical Hate	পাকিস্তান কে  ঘৃনা করি
Geopoitical Hate	রেন্ডিয়া আমাদের শত্রু ভারতের দালালদের বাংলাই কোন থ্যাই নাই 
Geopoitical Hate	পাকিস্তান কোন কালেই মুসলমানদের উপকার করে নি! 
Geopoitical Hate	রোহিঙ্গা মুসলমানদের পাকিস্তানে নিয়ে যাস না কেন ? 
Geopoitical Hate	পাকিস্তান মানুষ ভালো নয় 
Geopoitical Hate	লাঠিদিয়া পিটাইয়া মেরে ফেলা দরকার বিএসএফ কে
Geopoitical Hate	পাকিস্তানের বড় বড় বোদা আছে সে বোদা দিয়ে পাকিস্তানের মাওবাদী সন্ত্রাসী হয় 
Geopoitical Hate	সব চেয়ে নিকিষ্ট খারাব পাকিস্তানিরা
Geopoitical Hate	পাকিস্থান আঙ্তাবাদী দেশ
Geopoitical Hate	সুচিকে জুতা পেটা করে নোবেল কেড়ে নেওয়া উচিত
Geopoitical Hate	পানিতে মমতার ভোদা বরেগেছ তাই বাংলাদেশর দিকে ছেড়ে দিল 
Geopoitical Hate	সৌদি আরবে মানুষ খাদাম নিরজাত করে এবং তারা মুলমানদে ফখে কথা বলবেনা 
Geopoitical Hate	পৃথিবীর ঘৃন্নো জাতি হচ্ছে পাকিস্তান
Geopoitical Hate	সৌদি রাজপরিবার হলো ইয়াজিদের বংশধর। এরা আমেরিকা ও ইসরাইলের দালাল।
Geopoitical Hate	প্রধান্মন্ত্রির কাছে আমার একটা রিকুয়েস্ট ভারতের সাথে সম্পর্ক বিচ্ছিন্ন করেন 
Geopoitical Hate	স্বাধীনতার পর ভারত যখন সিলেট বিভাগ তাদের দাবি করে তখন দেশপ্রেমিক দের গা জলে না।
Geopoitical Hate	ফহিন্নি কলকাতার মানুষ
Geopoitical Hate	হিন্দ হয় না কারো বন্ধ। ওগো চুদবে চায়না, পাকিস্তান
Geopoitical Hate	ভারত চক্রান্তে বাংলা এবং পাকিস্তান ভাগ হয়েছে এটা সত্য 
Geopoitical Hate	আমরা কাংলাদেশি মাগী চুদতে ভালোবাসি । 
Geopoitical Hate	আমি শুধু বলবো, ওরা (ভারত) হারামির থেকেও হারামি 
Geopoitical Hate	ইন্ডিয়ার সব মানুষ নাকি শিক্ষিত। হাহাহা। ফহিন্নিরে কোনো দিন মানুষ হয়?
Geopoitical Hate	এত দূর বাংলা দেশ নিয়ে চিন্তা না করে পাশের দেশ আফগানিস্তান, ইরান, ইরাক নিয়ে একটা দেশ বানাও
Geopoitical Hate	কৃপণ এর শহর কলকাতা
Geopoitical Hate	চুরি করিলে সিন্ঘাপুর মতো হবে, চুরের দেশ
Geopoitical Hate	দেখ, তোদের ভাই ফাকিস্তানের কি অবস্থা আজ।
Geopoitical Hate	পাকির মায়রে বাপ।
Geopoitical Hate	পাকিস্তান আমার বাল 
Geopoitical Hate	পাকিস্তান কে বিশ্ব ম্যপ থেকে মুছে দেবো নিশ্চয় জয় হিন্দুস্থান 
Geopoitical Hate	পাগল দেশ মিয়ানমার আর আজব সবসকাজ করে এ দেশটি। 
Geopoitical Hate	বর্তমান রহিঙ্গাদের যে হাল। যদি পাকিস্থানের সাথে বাংলাদেশ থাকতো তাহলে একই হাল বাঙ্গালীদের হতো। 
Geopoitical Hate	বাংলাদেশের মতো বন্ধু দরকার নেই ইন্ডিয়ার বাংলাদেশে সুধু চোর গুন্ডার আড্ডা 
Geopoitical Hate	ভারত আমাদের দেশটা ডংশ করে দিচ্ছে হাসিনা খমতার লোভে কিছু দেখে না ভারত আমাদের গার্মেন্টস শিলপ ডংশ করছে
Geopoitical Hate	ভারত কাফের বাংলা। পানি ছেরে দায়, যার করনে ভেসে যায় ও বন্যা হয়। 
Geopoitical Hate	ভারত না থাকলে তোরা এত দিন পাকিস্তান থাকতি। তাই বলি ভারতকে গুরু ভাব। 
Geopoitical Hate	ভারত, পাকিস্তান উভয়ই জংগি এই দুইটি দেশেই মানবতার শত্রু
Geopoitical Hate	ভারতের ”সড়যন্ত্রে" পূর্ব পাকিস্তান পৃথক হয়ে যায়
Geopoitical Hate	ভিখারী কাংলা শুয়োর খা 
Geopoitical Hate	মায়ানমার কুত্তা 
Geopoitical Hate	মালুদের পাছায় বাঁশ দাও 
Geopoitical Hate	যারা বলে ভারত বাংলাদেশর বন্ধু তারাই বাংলাদেশের শত্রু ।
Geopoitical Hate	যুদ্ধ হলে পাকিস্থান কে ৫ মিনিট এর মোধ্য দুনিয়ার ম্যাপ থেকে মুছে ফেলব 
Geopoitical Hate	শালা মূর্খ ভারতের আরমি
Geopoitical Hate	সৌদির যুবরাজ একটা কাফেরদের থেকেও খারাপ 
Gender abusive hate	স্বামী দুর্বল এমন কেউ সোনালী সময় নষ্ট না করে অামাকে কল করো। তোমার ভোদা চুষার জন্য সদা প্রস্তুত। 
Gender abusive hate	বাংলা দেশের মেয়েরা এতো অনেক খারাপ ছি ছি ছি 
Gender abusive hate	মেয়েরা বেকুবই হয় নতুন কিছু না হা হা হা
Gender abusive hate	মডেল না মনে হচ্ছে মাগী পাড়ার মাগী দুইটা।পঞ্চাশ একশো টাকা দিলে চোদা যাবে। 
Gender abusive hate	এই তোমাদের রেট কত? তোমরা কি দুজনে একসাথে আসবা?
Gender abusive hate	২টারেই ফাকিং বিচ লাগতাসে, আর এই চোদনারা নাকি দেশরে রিপ্রেজেন্ট করছে
Gender abusive hate	২টার চেহারা দেইখা আমার বাসার কাজের বুয়ার কথা মনে পড়ল
Gender abusive hate	আপু তোমাকে বিদেশি গরুর মতো লাকতাছে 
Gender abusive hate	মাগির পুটকির নিছে কিতা? 
Gender abusive hate	তোর মায়ে কি ইংলিশ চোদা নাকিরে!
Gender abusive hate	নাছিরের ধন অনেক বড় তাই মেয়েটা পাগল হয়ে গেছে
Gender abusive hate	খানকি মাগি আখি আলমগির 
Gender abusive hate	মেয়ে দের লজ্জা নেই সে সবাই জানি 
Gender abusive hate	নারী বুজে চোদা। প্রবাসির মন বিজতে পারে না।
Gender abusive hate	এই মেয়ে টাকে পাছায় বারি দেয়া দরকার ছিলো। 
Gender abusive hate	খানকি কে গুদে টেন ঢুকাতে হবে 
Gender abusive hate	মেয়েরা বরো খানকী 
Gender abusive hate	এরকম নারী কে জুতা মার 
Gender abusive hate	মেয়েরা চুদার পাগল মাগির বাচ্ছা চিনাল বেডির পুরি
Gender abusive hate	আমি মাগি চুদব
Gender abusive hate	এই সব মহিলা দের কে ছবি তুলে ইচ্ছে মতো মরিচ লাগিয়ে দেন যাইগা মতো পুলিশ ভায়েরা 
Gender abusive hate	এই রকম মাগি কত যে আছে 
Gender abusive hate	এই রকম বড় মেয়েকে বিয়ে করতে হবে। দুধ খেয়ে মজা পাব।
Gender abusive hate	কমিশনার টের পাইলে তুর গুয়া দিয়া গরম ডিম দিব। 
Gender abusive hate	এই ডির বোদার মদেদ বর কালা বেগুন দিয়া এক বার ডুকান জেত আরেক বা বাহির করন জেত তখন এই ডি ঠানডা হলো নে
Gender abusive hate	মাইয়ারে পাইলে দুধ এর উপর ঘুম যাইতাম, আহা সেই মাল,
Gender abusive hate	হেতিরে মনে চাইতেছে টিপে দেই 
Gender abusive hate	পাচাও দুধ এক নামবার, তুমার জামা কুলে ফেল আরও সুন্দ হবে 
Gender abusive hate	এমন একটা পাইলে এক কম করে হলেও এক রাতে চারটি সট দিতাম 
Gender abusive hate	মালটা অনেক জটিল 
Gender abusive hate	মাল টা টিক আছে চুদলে মজা ই মজা পাওয়া যাবে 
Gender abusive hate	খানকি তোদের জন্য বাংলার যুবগয়া আজ খায়াপ বড বড দুধ আর পাছা ঢাকের রাখ মাগি
Gender abusive hate	এটা কমিশনার এর মেয়ে খানকিমাগির মেয়ে 
Gender abusive hate	মাগি যা দুধ রে , সব খুল 
Gender abusive hate	মাগির বুদা অনেক বড় 
Gender abusive hate	হায়রে মাগি কেমন করে । 
Gender abusive hate	মাগি বাজাঁরে জা টাকা পাবে বেশি করে। 
Gender abusive hate	আল্লাহ কে ভয় কর মাগি 
Gender abusive hate	ওর দুধ আর পাচা দেখেত আমার সোনা খারা হয়ে গেছে, আমি ওরে চুদলে ও অনেক খুশি হবে কারন আমি ১ ঘন্টার বেশি চুদতে পারি
Gender abusive hate	আহহ উহহ,কতো বড় বড় দুধ খালি ঝোকে মনে হয় ধরি 
Gender abusive hate	মাগির ভোদায় এতো জ্বালা কেন, 
Gender abusive hate	মাল ঠিক আছে খেলে আরাম পাওয়া যাবে সেক্সে পুরা শরীরটা ভরা
Gender abusive hate	দারুন দুধ গুলি অনেক বড়ো, আহা খাবো, কি মজা হবে? 
Gender abusive hate	তরে কত মানুষ গুয়া মারছে তা টিক নাই, দুধ দেখলে মনে হয় শুধু গুয়া মারছে না, দুধে শুনা ডুকাইচে তরে ছুধানির এক হাত নম্বা দন দিয়া গুয়া মারলে বুজতি তখন, 
Gender abusive hate	মাগির দালালের বাচছা মাগি 
Gender abusive hate	বরের চুদা পাই না।তাই এত নাচা নাচি। 
Gender abusive hate	এই মাল টা রে চোদলে মজা পাই বো 
Gender abusive hate	মাগি ও মাগিরে তুই অপরাধীরে 
Gender abusive hate	মালের দুধ দেখে মাথাই নষ্ট , যৌবনে টেলা দি
Gender abusive hate	ওড়না তো রাখনাই তাহলে কাপড় লগে রাখার কি দরকার ছিল ওটাও খুইলাই ফালাইতা 
Gender abusive hate	এ খানকি তোর গুদে কতো খিদে আমি তেকে চুবৌ
Gender abusive hate	আপনাদের মত মেয়ে দের জুতা মারা দরকার 
Gender abusive hate	এই খানকি তুই একটা বাসটেট 
Gender abusive hate	ওর গুদের মধ্য মোটা বাশ দিয়ে গূতিয়ে রক্ত বের করে দিতে হবে
Gender abusive hate	কোথাই গেলো মাগিরা সবাই বলে অসোহাই এটা কি এদের ভোদাই অনেক কামর এদের ভোদাই রড দিতে হবে ছি ছি ছি কি এরা 
Gender abusive hate	ওর বোদায় বালু ডালো আর সাবোল মারো 
Gender abusive hate	কুলাঙ্গার মহিলা
Gender abusive hate	শালীর জায়গামত মাগুর মাছ ঢুকানো উচিত 
Gender abusive hate	এরা মানুস নামের কল্নক মাগি স্বামি যত খারাপ হয় না কেন তাঁর পায়ের নিচে তুর বেহেস্ত 
Gender abusive hate	এসব কানকির বাচছা আর আর কানকির মাগী গো পাচায় বাশ ডুকানোর দরকার। 
Gender abusive hate	এরা মেয়ে নামের রক্ত পিপাসু ডাইনি এদরনের মেয়ে গুলিকে কঠিন বিচার করা হয়
Gender abusive hate	ওর বুদায় এসিট ঠেলে দেও 
Gender abusive hate	এই শালিকে একন ভাল করে চুদাতে হবে পা কাদে নিয়ে খানকি, 
Gender abusive hate	মাগির বিশাল বড় বাসের দরকার ভুল বললাম নাকি আরে তারে গুলিস্তানে রাস্তার মোড়ে উলঙ্গ করে ঘোড়ামারা উচিত
Gender abusive hate	এই মাগির ফুন্দে মরিছ দেও এবং কুফিয়ে মারো 
Gender abusive hate	এই মহিলার যউনাংগে ছুরি ডুকিয়ে মেরে ফেলা উচিত 
Gender abusive hate	ওর বোদায় বশি দিয়া বিদায়া টান দেয়া হোক 
Gender abusive hate	মাগি গুলা কইথেকে যে আসে আমি চিন্তা করে পাইনা
Gender abusive hate	এই কাংকির মেয়ে তর মার বুদার বিতরে লাল মরিস দিমু 
Gender abusive hate	তোমার মত এত সুন্দর মেয়ে কাছে পাইলে কত যে মজা করতাম। দেশ থেকে বিদেশে ঘুরতে নিয়া যাইতাম। অনেক আনন্দ করে ঘন্টার পর ঘন্ট চুদিতাম
Gender abusive hate	মাগিই তো মাগিই হয় 
Gender abusive hate	মাগীর পাচা দিয়ে বিকাশ ঢুকাইয়া দিলে ভালো হত 
Gender abusive hate	আস্তাো একটা খানকি মাগি টাকা কামানোর ধান্ধা 
Gender abusive hate	দেশটা মাগি দিয়া ভইরা গেছে 
Gender abusive hate	মাগি তো বোদায় ফসম আছে 
Gender abusive hate	মাগি ব্যাবসা লইয়া বসছে 
Gender abusive hate	এই টাকা কি তোর মাকে না বাপ কে ভাই কে বোন কে খাওয়াস মরবি না মাগি 
Gender abusive hate	ওমাগি আজ রাতে আমার কাছে আসি তোরে চুদ মোও?? 
Gender abusive hate	এর ভোদা সবাই ফাটাও
Gender abusive hate	তোর মা ও এই ভাবে ছেলেদের সাথে দুধ গুলা দেখাই দেখাই বিকাশের মাধ্যমে ছেলেদের টাকা খাইত ? 
Gender abusive hate	এই খানকি মাগি বেগুন আছে লাগবে 
Gender abusive hate	আরে নডি মাগির জাত লাইভে এসে ছেলেকে ভালো করো ভরে দিতে পারেন নাই বলে চলে গেছে।
Gender abusive hate	আমার তো মনে হয় তোর ভোদায় পানি গড়গড় করতেছে ছেলেদের সোনা ঢুকানোর জন্য।
Gender abusive hate	আমারে একটা ছেলে দেকে বিয়ে দাও।কারন আমার জালা সইতে পারিনা।মাগি কোথাকার। 
Gender abusive hate	কি আমাদের দেশ বসুন্ধরা তারি মাঝে এই খানকি মাগি হইছে আচুদা, চোদা নেওয়ার শখ বাড়ছে কুত্তা দিয়া চুদা নে চুতমারানি। 
Gender abusive hate	আস্তা একটা খানিক মাগী 
Gender abusive hate	এই গুলো খাঙ্কি মাগী 
Gender abusive hate	বেইশ্যার জন্মের ফসল মাগি। 
Gender abusive hate	এগুলা খানকি মাগি ভাই 
Gender abusive hate	খানকি মাগি তরা সমাজ টাকে নষ্ট করে ফেলতেছিস ।
Gender abusive hate	তোকে কুত্তা দিয়ে চুদাবো মাগি 
Gender abusive hate	এই সপ বেসসা পোতিতাদের মা বাপ নাই 
Gender abusive hate	তর ভোদার ভিতরে ভালো ভাবে বরে দিমু
Gender abusive hate	পতিতার মেয়ে 
Gender abusive hate	পুরা বেশ্যা মাগী 
Gender abusive hate	নষ্ট মেয়ে 
Gender abusive hate	পতিতা বৃত্তি ছেড়ে বিয়া করে সংসারী হও নয় তো জাহান্নামি 
Gender abusive hate	খানকিরা আল্লহর ভয় নাই 
Gender abusive hate	এদের মতন বেশ্যা মাগিদের জন্য সমাজে এত নুংরামী হয় 
Gender abusive hate	তুই একটা খানকিমাগী পতিতা 
Gender abusive hate	তুই হইলি মাগি আর তুর বইন সেত ডাবল মাগি তুত মা ও মাগি তুর গুস্টি সব মাগি মাগির ঘুরে মাগি তুগ সুদে বুদায়া লবন আর মরিছের ফাকি দেয়া ধরকার 
Gender abusive hate	ফালতু খানকি টাইপের মেয়ে। 
Gender abusive hate	মাগির ভুদায় অনেক চুরকানি কুত্তা দিয়ে চুদতে হবে। 
Gender abusive hate	মদ খাবো আর তোকে চুদবো।
Gender abusive hate	আরে মাগি কি করে বুদার এত জুর নাকি।
Gender abusive hate	বাবাখুর খানকির মেয়ে।
Gender abusive hate	মাগি তোর মাথায় আল্লার গজব পরুক।
Gender abusive hate	খানকি মাগিদের কি সুন্দর ব্যবসা ? 
Gender abusive hate	কাটা দিমো, তকে আমার ভালো লাগেনা আমি তর মাকে চুধ ভো, মাগি 
Gender abusive hate	কুততি তো কুততিই হবে মাগি।
Gender abusive hate	মাগি তর কি বড় ভাই নাই। তার সাথে ও ত খারাপ কাজ করতে পারিস 
Gender abusive hate	আসল মাগি।
Gender abusive hate	নোবেল প্রাপ্ত মাগি।
Gender abusive hate	মাগীর পুকটি দিয়া বিকাশ দিতে হবে?
Gender abusive hate	তোর বোদায় কাচা মরিস দিমু।
Gender abusive hate	তোমাকে কুকুর দিয়া চোদাতে হবে মাগি।
Gender abusive hate	কানকির জি।
Gender abusive hate	তোর সামাটাতে বাঁশদিয়া চোদা উচিত।
Gender abusive hate	মাগি খানকি তোর কি মা, বাবা, ভাই,বোন নাই মাগি 
Gender abusive hate	ঐ বেডি তুর বুকে পশম আছেনি?
Gender abusive hate	তোর মারে চুদি মাগি গরেরমাগি তোরেচুদি 
Gender abusive hate	তোর মাকে চুদি 
Gender abusive hate	এই মাগি আয় তরে ঘুরা দিয়ে চুদা দেওয়ায়
Gender abusive hate	আপু অনেক নিতে পারে। উফ কিভাবে এত ছেলের সাথে পারে? 
Gender abusive hate	তর মতো মেয়েদের জন্মের টিক নাই রাস্তায় জন্মেছিলে মনে হয়। 
Gender abusive hate	তোদের মত খানকির জন্য সমাজ টা শেষ।
Gender abusive hate	এগুলা রাস্তার মেয়ে।
Gender abusive hate	হিরু আলমও তরে চুদবেনা।তর মা বাবা কি পতিতার বাসিন্দা?
Gender abusive hate	টোর ভোদাতে সিল মারবো।
Gender abusive hate	তুমার কতা সিনে আমার চুদার কতা মনে পড়লো ,অনেক সুন্দর
Gender abusive hate	তর বোদা টা কালো হয়ে গেছে আমি তোমার বোদা টা দেখেছি ।
Gender abusive hate	চুতমারানি তর জন্মের ঠিক আছেরে খানকি সালি।
Gender abusive hate	তোর ত্রি সীমানায় গেলেও সবাই এইস,আইভি পজেটিভ হয়ে যাবে এত বাজে মেয়ে হয় ছিঃ
Gender abusive hate	মাগী সরম নাই সোনাটা দেখাবি মন চাইলে 
Gender abusive hate	তোরে হাতের কাছে পাইলে জুতা দিয়ে পিটাইতাম বেয়াদব মেয়ে।
Gender abusive hate	জাউরা একটা মেয়ে।
Gender abusive hate	আয় নটি মাগি তর ভুদা চুষে তকে সুখ দিব।
Gender abusive hate	মাগি তোরে চুদবো, কাম দিবি? 
Gender abusive hate	ভোদাটা কি ঠোটের মতো সুন্দর।
Gender abusive hate	চুতমারানি তোরে চুদী। কুত্তা দিয়া চোদামু 
Gender abusive hate	আপু ভুূদা চুইতে কী হয় 
Gender abusive hate	চুদার জন্য আগ্রহী কোন আপু কিংবা আন্টি থাকলে যোগাযোগ করতে পারেন। 
Gender abusive hate	ঢাকাৰ মাল চুদাছো শেমজা 
Gender abusive hate	ওরে সালি খানকি মাগি।
Gender abusive hate	এই গাই মারানি তর বাপ মার কোন পরিচয় আছে নাকি গাই মারানি
Gender abusive hate	গাই মারানি বাচ্ছা তদের সোনা দিয়া বাষ দেও দরকার 
Gender abusive hate	মা ছেলের চূদো চুদবে দিও।ধোনটা ধরে আস্তে আস্তে বের করতে হবে বের। 
Gender abusive hate	এরা দুই জন রহিংগা মাগি।
Gender abusive hate	এই মাগির তোর ভোদায় এসিড দিমু আমি আমি ছাএলীগ নেতা।
Gender abusive hate	তুই মাগি পরিচয় দিলি। তুই আসলে একটামাগি।রেট কত আমিও ছুদবো তোকে। খুব মজা পাবি। 
Gender abusive hate	তোকে চুদার বড় সক আমার,তোর সোনার বিতরে গোস্ত বেসি চুদতে মজা লাগবে,ধুদের মাজখান দিয়ে দিবো, মজা পাইবি মাগী 
Gender abusive hate	তোমরা চোদার মাগী এখন বুজলাম।
Gender abusive hate	তোরা ওরজিনিয়াল মাগির চেয়ে খারাপ। কুত্তায়া মনে হয় তোরা নিজেদের জালা মিটাস তাই এরো কম খারাপ কথা তোদের মুখ দিয়ে বের হয় বেসসা গোলা।
Gender abusive hate	হাচিনার মারে আমি চুদি 
Gender abusive hate	তোরা দুই জনে অাসলে মাগি। কেমনে তুলনা করলি মারে মাগির সাথে। চুদির মাগি...... 
Gender abusive hate	নোয়াখালীর মাগী তরার পরোষরা সব আরব দেশ গুলোতে তাকে। আর তদের বাড়ি তাকে পাকা এই সুযোগে তরা হয়ে উটছ বাংলাদেশের সবার ছেয়ে বড় মাগী। 
Gender abusive hate	এই শালির ঘরের শালি, আমি তুর খালু।
Gender abusive hate	তর তো ভাষা থিক হয় না আগে তর ভাষা থিক কর মাগি.
Gender abusive hate	নোয়াখালীর মাগী তরার পরোষরা সব আরব দেশ গুলোতে তাকে।
Gender abusive hate	এইসসব পতিতা। তোদের মাগী বলবেনা। চুদতে দিছ সবাই রে তো মাগী বলবে না তো কি? 
Gender abusive hate	তোরা মেয়ের নামে কলংক তোদের ভোধা বিতর কতো রস অাছে তোদের কে চুদে িতপতী দিতে পারেনাই তোদের জামাই। 
Gender abusive hate	তরে আমি শুদু একবার চুদমি মাগি আমার 
Gender abusive hate	মেয়ের জাত নামের কলংক তোরা । তোরা কোন পতিতালয় থাকছঐ মাগি তোরে পাইলে তোর ফিতা আমি কাইটা খাইতাম আর কুত্তা দিয়া চোদাই তাম 
Gender abusive hate	তুরা বাংলা দেশকে সেসকরলি বেসসারা তদের জনো পুলা পায়ন খারাপ হয় গালমারানিরিরা চুদার ইচচা থাকলে কুয়েত আয় দিকি কত চুদা খায়তে পারস 
Gender abusive hate	তুই আসলে মাগিরে চুতমারানি 
Gender abusive hate	তোরে পাইলে মাগি তোর পিতা ফাটাইয়া পালামু আবার পদ্দা করন চোদাই ছত 
Gender abusive hate	তোরা কি আাবাসিকে চোদা দেস.. তর ভুদা দিয়ে বাশ দিমু মাগি খানকি মাগি.. তরে হাতি দিয়ে চুদামি মাগি.. 
Gender abusive hate	এই 2ই মাগির ভুধার খাইজ উটছে সবাই চুদে দাউ 
Gender abusive hate	তুরে চুদতে হলে শিবিরের পুলা লাগবে মাগি শালি রাজাকারের গোলাম 
Gender abusive hate	তরা শুধু মাগি না তরা বেসসা মাগি,কাছে পাইলে আমার সোনা তর মুখের বিতর দিয়ে দিতাম।
Gender abusive hate	আসলে খানকি। ২ টা। ছি।ছি 
Gender abusive hate	তোর ভাষায় বুজাযায় তুই কেমন ঘরের মেয়ে। তোরে পাইলে কুত্তা দিয়া পাল দেওয়াইতাম বেশ্যা 
Gender abusive hate	এ তোর মার চুদি, তোর চোদবো আর আওয়ামীলীগের সমস্ত নেতা দিয়ে চোদাবো।
Gender abusive hate	এইসব মাগী দের কে চুদা শাউয়াতে নাগা মরিচ লাগাইয়া দিলে ভালো হত| 
Gender abusive hate	তোর মায়ের আর তো এক সাথে গুদ মারবো খানকি 
Gender abusive hate	তোরা আসলেই মাগি, তাইতো তোরা পরিচয় দিলি,
Gender abusive hate	নরসিংদীর চোদা দিতে হইবো। তাহলে তুই ঠিক হইবে মাগী
Gender abusive hate	শাওয়া মদে বাশ দিমু লটি 
Gender abusive hate	তরে যদি পাইতাম তরে বাইগন দিয়ে সুদাতাম
Gender abusive hate	তর বুদাদিয়ে 18 ইনচি দুন ডুকালে মুকদিয়ে আর বগ বগ বের হত না মাগি 
Gender abusive hate	শালি তোদের সবাব চরিত্ত ভালো বোঝায না তোরা দুই জন আত্তা মাগী 
Gender abusive hate	মুমিন মেয়ে, নবির যৌনদাসি হলে ভাল মানাতো, আমিন 
Gender abusive hate	মাগিরে কুত্তা দিয়ে চুদি।
Gender abusive hate	মাগি তোকে পেটে দরচে সে ভড় মাগি 
Gender abusive hate	মাগি রা তোরে পাইলে তোর মার আর তোর সোনা একসাতে খাইতাম
Gender abusive hate	বোকাচুদা মাগি,
Gender abusive hate	হোটেলের মাগিদের চেহারা দেখলে সোনা খারায়,
Gender abusive hate	তুর মেয়ে,মাগী চোদার কামাই।
Gender abusive hate	মাগি মা তো লাইফে আসেনা মাগি না হলে লাইফে কন 
Gender abusive hate	শালিরে কচুদেও ভোদায় 
Gender abusive hate	বিদেশ বউ রেখে যাওয়া টিক না ও মেয়েরা পরপুরুষের সাতে আকাম করবে এই হলো মহিলাদের চরিএ 
Gender abusive hate	মহিলা একটা মাগি আর অ একটা শয়তান
Gender abusive hate	মাগির ঘরের ছিনাল তোর ভুদাটা কত বড়রে চুদানি রেনডি 
Gender abusive hate	সব সালির বোদা দিয়ে ৬ সুতার রড গরম করে দিতে হবে
Gender abusive hate	মাদক আর মাগি দেশ টা কে নষ্ট করে দিল
Gender abusive hate	শালী একটা মাগী অতিবিশিষ্ট  দের ছুদা দেয় 
Gender abusive hate	সালিরে কঠিন সাজা দেওয়া হোক
Gender abusive hate	ওই খানকিরে সব ছাএ ভাইয়েরা মিলা ছুদেন তাই নাকি আবার ইয়াবা সেবন করে খানকি 
Gender abusive hate	নায়িকা ফেল তরে এক রাত চুতে পারলে অনেক বাল লাগত
Gender abusive hate	শ্রাবনী শায়ালাকে চুদবো ওর মা কে কুকুর দিয়ে চুদাবো